CodigoProducto,Producto,Categoria
RE-FVL357-4672,GREEN LAND GARI BLANCO 9 KG.,VERDURA CURTIDA
SE-FVL353-0648,JACK POT LYCHEES ENTEROS EN ALMIBAR LIGHT 565 G,FRUTA ENLATADA
SE-BEB151-8538,ASAHI SUPER DRY BEER BOTELLA 330 ML,CERVEZA
CO-FVL356-1512,SHIRAKIKU/NISHIMOTO EDAMAME FRIJOL DE SOYA 400 G,VERDURA CONGELADA
CO-TYE751-1324,PEKING GYOZA SKIN 283 G,TORTILLA PARA GYOZA
RE-BEB152-0098,CALPITOYO 1 L,CONCENTRADO
OT-UTE805-9293,TOYO PALILLO DE MADERA ESPECIAL 100 PARES,PALILLOS DE MADERA
SE-BEB151-1430,SAPPORO BEER PRE'M 355 BOTELLA ML,CERVEZA
SE-SYE553-1932,TOYO RYORI SAKE 1 L,SAKE PARA COCINAR
SE-SYE559-1905,TOYO MANJO MIRIN 1 L,SAZONADOR MIRIN
SE-BEB154-0543,HATA RAMUNE BLUEBERRY BOTTLE 200ML,CON GAS
SE-BEB154-9917,HATA RAMUNE LICHI BOTTLE 200 ML,CON GAS
SE-BEB154-2344,HATA RAMUNE ICHIGO BOTTLE 200ML,CON GAS
CO-SFP603-4127,SHIMADAYA SANUKI UDON 5 PZAS 1.250 KG,FIDEO UDON
SE-BEB154-2345,HATA RAMUNE MELON BOTTLE 200ML,CON GAS
SE-HYE400-0240,ERAWAN GLUTINOUS RICE FLOUR 454 G.,HARINA DE ARROZ
SE-BEB154-2848,HATA RAMUNE ORANGE BOTTLE 200ML,CON GAS
SE-HYE402-1970,TOYO TEMPURA BATTER MX 1 KG,HARINA PARA TEMPURA
CO-TYE752-2021,WEI-CHUAN SPRING ROLL 25 PZAS 312 G,TORTILLA PARA ROLLO
CO-SFP602-4788,SUN NOODLE FIDEO RAMEN TK#26S 50 PZAS 6.38 KG,FIDE JAPONÉS
SE-BEB154-2346,HATA RAMUNE PINE BOTTLE 200ML,CON GAS
SE-SAL500-0897,LKK OYSTER SAUCE PANDA 510 G,SALSA CHINA
SE-HYE403-1978,UC PANKO BREADCRUMBS 20LB MOD.00420A,PANKO
SE-ARR101-0838,TOYO MAI KOMACHI ARROZ U.S. # 1 20 KG,ARROZ CALROSE
SE-ACE050-0701,KADOYA ACEITE DE AJONJOLI 56FL (1.656L),ACEITE AJONJOLÍ
SE-SAL549-1770,SRIRACHA TAPA VERDE GRANDE 793 GRS,OTRAS SALSAS
OT-UTE899-5280,SM PALILLO DE BROCHETA DE BAMBU 95-100 PZAS. 15 CM,OTROS UTENSILIOS
SE-ACE099-10941,KADOYA RAYU 1.65 KG,OTROS ACEITES
CO-PDM458-9766,AQUAMAR SURIMI EN BARRITAS 1 KG,SURIMI
CO-FVL356-6031,TOYO EDAMAME 400 G,VERDURA CONGELADA
SE-TYE750-12771,KOKKU PAPEL DE ARROZ CUADRADO 22 CM 340 G,TORTILLA DE ARROZ
SE-ARR101-10709,KIRAMEKI ARROZ U.S. # 1 22.68 KG,ARROZ CALROSE
SE-SAL502-1936,TOYO SALSA DE SOYA 20 LTRS.,SALSA DE SOYA
SE-TE653-8464,JACK POT TE DE OOLONG 2.268 KG,TÉ OOLONG
SE-SYE558-1943,TOYO SHICHIMI TOGARASHI SOBRES,SAZONADOR JAPONÉS
SE-SAL500-0887,LKK KUM CHUN OYSTER FLAVORED SAUCE4.85 LB,SALSA CHINA
SE-BEB154-2343,HATA RAMUNE ORIGINAL BOTTLE 200ML,CON GAS
SE-SAL502-2073,YAMASA SALSA DE SOYA 18.9 L,SALSA DE SOYA
RE-SYE556-4678,JONGGAVISION KOCHIJAN 1 KG,SAZONADOR COREANO
CO-PDM452-1518,SHIRAKIKU KANIKAMA PREMIUM GOLD 500 G,KANIKAMA
SE-BEB154-9918,HATA RAMUNE YUZU BOTTLE 200 ML,CON GAS
SE-BEB154-9916,HATA RAMUNE YOGURT BOTTLE 200 ML,CON GAS
SE-TYE750-12769,KOKKU PAPEL DE ARROZ REDONDO 22 CM 340 G,TORTILLA DE ARROZ
SE-HYE403-1926,TOYO PAN MOLIDO JAPONES 500 G,PANKO
SE-SAL504-0942,MAEPLOY SWEET CHILI SAUCE 4 KG,SALSA TAILANDESA
SE-SFP606-11816,NONG SHIM NOODLE SOUP BOLSA 120 G,SOPAS Y FIDEOS INSTA
SE-FVL398-4442,SEKIMOTO SHISO UMEBOSHI BLANCO 150 G,OTRA FRUTA
SE-SYE599-2962,KEWPIE MAYONESA 1.89L,OTRO SAZONADOR
CO-PDM499-10736,ICHIMASA NARUTO MAKI 150 G,OTROS PRODUCTOS MAR
SE-HYE403-1980,TOYO PAN MOLIDO ESTILO JAPONÉS 9.07 KG,PANKO
SE-SAL503-7750,TOYO SALSA DE ANGUILA 5.1  KG,SALSA JAPONESA
RE-SYE551-1002,MARUKOME MISO WHITE 2.2LB,MISO
RE-TQO702-0582,HOUSE HINOICHI TOFU FIRME 396 GRS.,TOFU
SE-PDM457-4671,TETSUJIN HANA KATSUO 454 G,PESC Y MARISC DESHID
RE-SYE552-1947,TOYO TAHINI CREMA DE AJONJOLI 500G,PASTA DE AJONJOLÍ
SE-SYE599-5231,AJINOMOTO GLUTAMATO BOLSA 1 KG,OTRO SAZONADOR
SE-PDM450-1910,TOYO NORI BLUE 100 HJS.,ALGA
SE-TYE750-9965,CATHAY PAPEL DE ARROZ CUADRADO 22 CM 340 G,TORTILLA DE ARROZ
CO-PDM450-10620,KOKKU WAKAME ALGA SAZONADA 1 KG,ALGA
CO-TYE752-1323,PEKING EGG ROLL SKIN 27-30 HJS 907 G,TORTILLA PARA ROLLO
SE-HYE402-4950,TOYO TEMPURA BATTER MIX 18.14 KG,HARINA PARA TEMPURA
SE-TE650-8463,JACK POT TE DE JAZMIN 2.268 KG,TÉ JAZMÍN
CO-SFP602-5743,SUN NOODLE FIDEO FRESH RAMEN #22W 50 PZAS 7.100 KG,FIDE JAPONÉS
CO-PDM499-6120,TETSUJIN NARUTO MAKI 150G,OTROS PRODUCTOS MAR
CO-TYE755-11682,KOKKU SPRING ROLL DE VEGETALES 20 PZAS 567 G,TORTILLAS EMPANADAS
CO-TYE755-1899,TOYO GYOZA DE CAMARON 20 PZAS,TORTILLAS EMPANADAS
CO-TYE755-1900,TOYO GYOZA DE CARNE 20 PZAS,TORTILLAS EMPANADAS
SE-HYE403-14157,KERRY PANKO 15.876 KG,PANKO
SE-SYE558-1386,S&B SHICHIMI TOGARASHI 300 G,SAZONADOR JAPONÉS
SE-SYE558-8688,SHIMAYA KATSUO DASHI KARYU 2 PZAS 1 KG,SAZONADOR JAPONÉS
RE-FVL357-8322,TOYO GARI BLANCO 454 G,VERDURA CURTIDA
CO-TYE753-1325,PEKING WONTON SKIN 454 G,TORTILLA PARA WONTON
SE-SAL505-0552,HFF SAMBAL OELEK (XL) 136OZ,SALSA VIETNAMITA
SE-SAL503-1934,TOYO SALSA DE ANGUILA 1 L,SALSA JAPONESA
SE-SAL500-0864,LKK HOISIN SAUCE 5 LB (2.27 KG),SALSA CHINA
SE-SFP604-0541,HARUSAMEN VERMICELLI 300 G,FIDEO VERMICELLI
SE-DGB304-9777,WTN GALLETA DE LA FORTUNA ING/ESP CAJA 350 PZA,GALLETA DULCE
SE-FVL359-2136,JACK POT ELOTITO CORTADO 2.9 KG,VERDURA ENLATADA
SE-SAL549-5474,JACK POT SRIRACHA TO GO 3.629 KG,OTRAS SALSAS
SE-SAL502-1313,PANDA SOY SAUCE TGO 450PK,SALSA DE SOYA
SE-SFP603-0138,CHIKARA UDON SABOR ORIENTAL 198 G,FIDEO UDON
CO-TYE755-9904,SEÑOR YOSHI GYOZA DE CARNE Y VERDURA 1 KG,TORTILLAS EMPANADAS
CO-SFP606-7121,SHIMADAYA TAIKOBAN RAMEN 5 P 1 KG,SOPAS Y FIDEOS INSTA
SE-SFP606-13276,MIYAKOICHI UDON SABOR ORIENTAL 200 G,SOPAS Y FIDEOS INSTA
SE-PDM450-1913,TOYO NORI RED 100 HJS,ALGA
OT-UTE805-8693,TOYO PALILLO DE MADERA 100 PARES,PALILLOS DE MADERA
SE-SAL502-0910,LKK SALSA SOYA CHAMPIÑON 1.88 L,SALSA DE SOYA
SE-SAL503-0803,KIKKOMAN TERIYAKI GLAZE (5LB) 2.27 KG,SALSA JAPONESA
CO-FVL356-8665,TOYO EDAMAME SIN VAINA 400 G,VERDURA CONGELADA
SE-ARR101-0836,KOKUHO ARROZ U.S. # 1 22.68 KG,ARROZ CALROSE
SE-SAL500-4748,LKK SALSA PARA POLLO A LA NARANJA 4.54 KG,SALSA CHINA
SE-SYE555-0880,LKK CHAR SIU 240 G,SAZONADOR CHINO
SE-TE652-8465,JACK POT TE NEGRO 2.268 KG,TÉ NEGRO
SE-SAL504-1316,PANTAI SAUCE SPENGRLL 32.5OZ,SALSA TAILANDESA
SE-SAL549-1769,SRIRACHA CHICA 481 GRS.,OTRAS SALSAS
SE-PDM450-1912,TOYO NORI RED 10 HJS,ALGA
SE-SFP606-8018,SAMYANG HOT CHICKEN RAMEN QUESO PICANTE 140 G,SOPAS Y FIDEOS INSTA
CO-PDM454-9940,KOKKU HUEVA DE PESCADO PROC (MASAGO) 500 G,HUEVA DE PESCADO
SE-SAL500-3033,HFF SRIRACHA 255 G,SALSA CHINA
SE-ARR101-1888,TOYO ARROZ 2 KG,ARROZ CALROSE
SE-SAL502-1937,TOYO SALSA DE SOYA 5 LTS.,SALSA DE SOYA
CO-PDM453-1750,SOFT SHELL NACIONAL  KG.,MARISCOS
CO-TYE755-8977,AJINOMOTO GYOZA DE CERDO 120 PZAS 2.4 KG,TORTILLAS EMPANADAS
SE-TYE754-1100,MIYAKO RAINBOW NORI YELLOW NAT 2.1OZ,TORTILLA DE SOYA
CO-PDM453-9525,TOYO CAMARON FRIZADO SIN CABEZA 41/50 5KG PZA,MARISCOS
SE-BEB157-3982,SAWANOTSURU JUNMAISHU KOME DAKE NO SAKE 1.8 L,SAKE PARA BEBER
SE-PDM453-10346,TOYO NORI GOLD 50 HJS,MARISCOS
SE-SYE559-1801,TAKARA MIRIN-FU CHOMI 19 L,SAZONADOR MIRIN
SE-SYE599-2023,WILSEY MAYONESA 3.79 L,OTRO SAZONADOR
SE-ARR101-0064,BOTAN ARROZ MUSENMAI 22.68 KG,ARROZ CALROSE
SE-SYE550-1447,SB CURRY SAUCE MIX FLAKE 1 KG,CURRY
CO-SFP602-3347,SUN NOODLE NAMA YAKISOBA #22 50 PZAS 8.52 KG,FIDE JAPONÉS
RE-TQO702-0581,HOUSE HINOICHI TOFU EXTRA FIRME 340 G,TOFU
SE-PDM450-1909,TOYO NORI BLUE (F) 100 HJS C/40 PQ,ALGA
CO-HYE449-7719,SHOWA MARU TAKOYAKI 50 PZAS 1 KG,OTRAS HARINAS
SE-HYE449-0242,ERAWAN TAPIOCA STARCH 454 G,OTRAS HARINAS
SE-BEB160-4910,SANGARIA ANATANO OCHA TE VERDE 500 ML,TÉ
CO-PDM456-1392,SALMON AHUMADO INST.,PESCADOS
RE-TQO701-0847,PHILADELPHIA QUESO CREMA 1.900 KG,QUESOS
SE-SAL504-0155,CHAOKOH CONCENTRADO DE COCO 400 ML,SALSA TAILANDESA
SE-SAL500-0882,LKK CHILI BEAN SAUCE (TOBAN DJAN) 226 G,SALSA CHINA
SE-SAL502-0788,KIKKOMAN SALSA SOYA 18.9 L,SALSA DE SOYA
SE-ARR102-11328,HITOMEBORE ARROZ JAPÓN 10 KG,ARROZ DE GRANO CORTO
SE-TQO702-12626,MORI-NU TOFU (EXTRA FIRME) 308 G,TOFU
RE-SYE551-0988,MARUKOME MISO RED 2.2LB,MISO
SE-SYE558-6182,OCEAN FOODS YUZU KOSHO 1 KG,SAZONADOR JAPONÉS
CO-SYE558-6000,KINJIRUSHI KAORU NAMA OROSHI WASABI RC-808 800 G,SAZONADOR JAPONÉS
SE-SAL503-1075,MIZKAN AJIPON 710 ML,SALSA JAPONESA
SE-TYE754-1099,MIYAKO RAINBOW NORI SESAME NAT 2.79 OZ,TORTILLA DE SOYA
CO-TYE751-0208,DYNASTY GYOZA SKIN 284 G,TORTILLA PARA GYOZA
SE-BEB157-9598,GEKKEIKAN JUNMAI SAKE 18 L,SAKE PARA BEBER
RE-SYE551-7892,HIKARI SHINSHU MISO 1 KG,MISO
SE-SAL500-0900,LKK SALSA CHILE Y AJO 368 GRS.,SALSA CHINA
SE-TQO702-12625,MORI-NU TOFU (FIRME) 307 G,TOFU
SE-PDM450-1915,TOYO NORI SILVER 50 HJS,ALGA
SE-SYE558-4049,YUZUYA HONTEN JUGO DE YUZU 1.8 L,SAZONADOR JAPONÉS
SE-BEB159-12808,HAITAI BONG BONG UVA 238 ML,SIN GAS
CO-PDM451-2342,TETSUJIN ANGUILA PREMIUM 11 OZ,ANGUILA
SE-SYE558-4407,EBARA BASE PARA SOPA DE TONKOTSU RAMEN 1.8 L,SAZONADOR JAPONÉS
CO-PDM454-10684,KOKKU HUEVA DE PESCADO PROC (MASAGO) 2 KG,HUEVA DE PESCADO
SE-ACE050-0703,KADOYA SESAME OIL PURE 327 ML,ACEITE AJONJOLÍ
SE-DGB303-8494,GLICO POCKY ALMOND CRUSH 46.2 G,GALLETA CHOCOLATE
RE-BEB159-0096,CALPI SUI 500 ML,SIN GAS
SE-ARR101-0833,KOKKU ARROZ CALROSE SUSHI 750 G,ARROZ CALROSE
SE-SAL500-0896,LKK OYSTER SAUCE PANDA 255 G,SALSA CHINA
SE-SFP601-0209,DYNASTY MAIFUN FIDEO DE ARROZ 191G,FIDEO DE ARROZ
SE-SFP604-0210,DYNASTY SAIFUN / FIDEO CHINO 150G,FIDEO VERMICELLI
SE-SAL503-1935,TOYO SALSA ANGUILA ESPECIAL 250 ML,SALSA JAPONESA
SE-SYE599-1087,MIZKAN SUSHISU (PREPARADO) 355 ML,OTRO SAZONADOR
OT-UTE899-1061,MH CHAROLA C/ TAPA 50 PZA MOD. YP-0.8 CH,OTROS UTENSILIOS
OT-UTE804-1839,TETSUJIN PALILLO DE BAMBU 100 PARES 23 CM.,PALILLOS DE BAMBOO
CO-PDM454-9939,KOKKU TOBIKO NARANJA 500 G,HUEVA DE PESCADO
RE-SYE551-1003,MARUKOME MISO WHITE 44LBS,MISO
SE-SAL502-0921,LUCKY SALSA DE SOYA 18.93 L,SALSA DE SOYA
SE-SAL500-4231,HFF SRIRACHA 3.859 KG,SALSA CHINA
OT-UTE807-1946,TETSUJIN SUNOKO PREMIUM MAKISU MANTEL DE BAMBU 24X24 CM 31113,SUNOKO MAKISU
SE-DGB302-12674,AMOS PEELERZ PLATANO 65 G,DULCE
SE-DGB302-14167,AMOS PEELERZ FRESA 65 G,DULCE
SE-DGB302-12675,AMOS PEELERZ DURAZNO 65 G,DULCE
SE-DGB302-13614,AMOS PEELERZ KIWI 65 G,DULCE
SE-DGB302-14169,AMOS PEELERZ CONCHAS 65 G,DULCE
CO-PDM456-3530,AQUACHILE SALMON ATLANTICO CRUDO FILETE (3-4 LB) KG,PESCADOS
CO-PDM456-0043,ATUN FILETEADO IMPORTADO,PESCADOS
CO-TYE755-1768,GREENLAND SPRING ROLL DE VEGETALES 20 PZAS 566 G,TORTILLAS EMPANADAS
OT-UTE899-4705,SHIRAKIKU TOALLITAS HUMEDAS 100 PZAS,OTROS UTENSILIOS
SE-SYE558-9811,SOMI TONKOTSU RAMEN SOUP 1 KG,SAZONADOR JAPONÉS
CO-PDM451-1841,TETSUJIN ANGUILA PREMIUM 10 OZ,ANGUILA
CO-PDM453-9524,TOYO CAMARON FRIZADO SIN CABEZA 26/30 5KG PZA,MARISCOS
SE-SAL502-1940,TOYO SALSA DE SOYA IMPORTADO 1 L,SALSA DE SOYA
SE-SFP604-2007,VERMICELLI LONGKOU 500 G,FIDEO VERMICELLI
SE-PDM450-4086,TETSUJIN WAKAME 454 G,ALGA
SE-SYE599-14290,MIZKAN SU AWASE KD39 15 L (ETIQ. AMAR.),OTRO SAZONADOR
CO-PDM456-13881,AQUACHILE SALMON COHO PORCION (8 OZ) KG,PESCADOS
SE-BEB199-13606,BINGGRAE LECHE BANANA 200 ML,OTRAS BEBIDAS
SE-BEB199-13607,BINGGRAE LECHE FRESA 200 ML,OTRAS BEBIDAS
SE-ARR101-0066,BOTAN ARROZ MUSENMAI 2.26 KG,ARROZ CALROSE
SE-DGB303-2128,GLICO POCKY CHOCOLATE 40 G,GALLETA CHOCOLATE
SE-DGB303-0485,GLICO POCKY CHOCOLATE 70G,GALLETA CHOCOLATE
SE-DGB303-4780,GLICO POCKY COOKIES & CREAM 40 G,GALLETA CHOCOLATE
SE-DGB303-4008,GLICO POCKY COOKIES & CREAM 70 G,GALLETA CHOCOLATE
SE-DGB303-4719,GLICO POCKY FAMILY PACK CHOCOLATE 9 PZAS 117 G,GALLETA CHOCOLATE
SE-DGB303-3454,GLICO POCKY FRESA 70 G,GALLETA CHOCOLATE
SE-DGB304-2127,GLICO POCKY GREEN TEA 40 G,GALLETA DULCE
SE-DGB303-3456,GLICO POCKY TE VERDE 70 G,GALLETA CHOCOLATE
SE-SAL505-0553,HFF SAMBAL OELEK SAUCE (S) 8OZ,SALSA VIETNAMITA
SE-ACE050-0702,KADOYA SESAME OIL PURE 163 ML.,ACEITE AJONJOLÍ
SE-SYE554-2961,KEWPIE ADEREZO SÉSAMO CREMOSO 236ML,SAZONADOR ADEREZO
SE-SYE599-5251,KEWPIE MAYONESA 355 ML,OTRO SAZONADOR
SE-SAL502-0797,KIKKOMAN SOYA SIN GLUTEN 295.7ML,SALSA DE SOYA
SE-SFP400-11962,KOKKU TALLARIN DE ARROZ 3 MM 400 G,HARINA DE ARROZ
SE-SFP400-11963,KOKKU TALLARIN DE ARROZ 5 MM 400 G,HARINA DE ARROZ
SE-BEB155-12738,NICO NICO UVA CON NATA DE COCO 320 ML,JUGO
SE-SFP600-0247,NOODLE HOUSE FIDEO GRUESO 454 G,FIDEO CHINO
SE-BEB199-8467,OTSUKA POCARI SWEAT 500 ML,OTRAS BEBIDAS
SE-SFP606-1301,PALDO BIBIM MEN 130G,SOPAS Y FIDEOS INSTA
SE-SFP606-8567,PALDO KING CUP SEAFOOD 110G,SOPAS Y FIDEOS INSTA
SE-DGB309-11825,ROYAL CACAO MOCHI TARO 80 G,POSTRES
SE-DGB309-12722,ROYAL MOCHI COCO 180 G,POSTRES
SE-DGB309-12121,ROYAL MOCHI PAY DE QUESO CON FRESA 180 G,POSTRES
SE-SFP606-11139,SAMYANG HOT CHICKEN CREAMY CARBONARA 140 G,SOPAS Y FIDEOS INSTA
SE-BEB151-11268,SAPPORO BEER PREMIUM LATA 473 ML,CERVEZA
SE-SFP606-11319,YOPOKKI RAPOKKI CUP PICANTE 145 G,SOPAS Y FIDEOS INSTA
SE-SFP606-11318,YOPOKKI RAPOKKI CUP QUESO 145 G,SOPAS Y FIDEOS INSTA
SE-SAL503-0802,KIKKOMAN TERIYAKI BLASTE&GLAZE 340G,SALSA JAPONESA
CO-TYE755-11585,SEÑOR YOSHI GYOZA DE CAMARON 1 KG,TORTILLAS EMPANADAS
CO-TYE755-13283,SEÑOR YOSHI GYOZA DE CHAMPIÑON 1 KG,TORTILLAS EMPANADAS
CO-FVL357-5141,EBARA UMAKARA KIMUCHI 500 G,VERDURA CURTIDA
OT-UTE899-10025,STRATON CILINDRO DE GAS 400 ML,OTROS UTENSILIOS
RE-FVL357-8323,TOYO GARI ROSA 454 G,VERDURA CURTIDA
RE-SYE551-1906,TOYO NAGANO SHIRO MISO 500 G,MISO
CO-PDM458-9767,AQUAMAR SURIMI EN TROCITOS 1 KG,SURIMI
SE-ACE099-9924,AVE ACEITE VEGETAL 10 L,OTROS ACEITES
CO-PDM453-1606,SM CAMARON FRIZADO SIN CABEZA 41/50,MARISCOS
SE-HYE403-11103,KOKKU PAN MOLIDO ESTILO JAPONÉS 9.07 KG,PANKO
RE-TQO701-0848,PHILADELPHIA QUESO CREMA 8 KG,QUESOS
SE-BEB153-0876,LIMON DESHIDRATADO EN POLVO 1 KG.,CONCENTRADO EN POLVO
CO-PDM453-8551,TOYO CAMARON FRIZADO SIN CABEZA 41/50 1KG PZA,MARISCOS
SE-PDM450-8666,TAKAOKAYA KOYABURE NORI 100 HJS,ALGA
SE-SFP606-7151,SAMYANG HOT CHICKEN RAMEN MULTI-CARBO 130 G,SOPAS Y FIDEOS INSTA
SE-SAL502-0795,KIKKOMAN SOY SAUCE P/B 1.8LTR,SALSA DE SOYA
SE-SYE599-1084,MIZKAN RICE VINEGAR NAT 355 ML,OTRO SAZONADOR
SE-SFP606-10804,SAMYANG HOT CHICKEN RAMEN HABANERO Y LIMON 135 G,SOPAS Y FIDEOS INSTA
SE-DGB302-14012,AMOS PEELERZ MARACUYA 65 G,DULCE
RE-SYE599-0828,KOCHIJAN HOT PEPPER PASTE 17 KG,OTRO SAZONADOR
SE-SAL502-9726,LUCKY SALSA DE SOYA EN SOBRES 500 PZA,SALSA DE SOYA
SE-SFP606-7122,SAMYANG EXTRA PICANTE POLLO 140G,SOPAS Y FIDEOS INSTA
SE-SFP606-6097,SAMYANG INSTAN PICANTE POLLO 140G,SOPAS Y FIDEOS INSTA
SE-HYE449-0107,CHABON BLACK PEARL TAPIOKA 5 LB.,OTRAS HARINAS
SE-SYE558-6392,AJINOMOTO HONDASHI BOLSA 1 KG,SAZONADOR JAPONÉS
SE-ARR101-1889,TOYO ARROZ 4 KG.,ARROZ CALROSE
SE-SYE599-1772,STAR VALUE MAYONESA 3.45 LTS.,OTRO SAZONADOR
SE-SYE599-6765,CULINAIRE MAYONESA 3.79 L,OTRO SAZONADOR
SE-ARR101-1786,SUNWEST ARROZ U.S. # 1 22.6 KG,ARROZ CALROSE
CO-TYE755-9905,SEÑOR YOSHI GYOZA DE CARNE Y VERDURA 500 G,TORTILLAS EMPANADAS
SE-SFP606-14057,TAPATIO RAMEN BIRRIA 120G,SOPAS Y FIDEOS INSTA
SE-SFP606-14056,TAPATIO RAMEN CARNE ASADA CON LIMON 120G,SOPAS Y FIDEOS INSTA
SE-SAL502-0793,KIKKOMAN SALSA DE SOYA EN DISPENSADOR 148 ML,SALSA DE SOYA
SE-DGB304-2126,GLICO POCKY STRAWBERRY 40 G,GALLETA DULCE
SE-SYE558-3966,AJINOMOTO HONDASHI 120 G,SAZONADOR JAPONÉS
SE-SAL500-0885,LKK HOISIN SAUCE 567 GRS.,SALSA CHINA
SE-DGB309-10275,ROYAL FRUIT MOCHI PEACH 132 G,POSTRES
SE-DGB309-11561,ROYAL FRUIT MOCHI TROPICAL 120 G,POSTRES
SE-DGB309-10274,ROYAL FRUIT MOCHI MANGO 132 G,POSTRES
SE-DGB309-10272,ROYAL FRUIT MOCHI STRAWBERRY 132 G,POSTRES
SE-SFP606-14052,TAPATIO RAMEN BIRRIA BIG BOWL 110G,SOPAS Y FIDEOS INSTA
SE-BEB158-7899,HITEJINRO JINRO UVA 360 ML,SHOCHU
SE-BEB158-12205,LOTTE SOON HARI MORA AZUL 360 ML,SHOCHU
SE-ARR101-2199,NISHIKI PREMIUM RICE 6.8 KG.,ARROZ CALROSE
OT-UTE805-10748,YTB PALILLO DE BAMBU 100 PARES 23 CM,PALILLOS DE MADERA
SE-SYE558-0470,FURIKAKE BULK EBI 453 G,SAZONADOR JAPONÉS
SE-FVL358-12070,CATHAY KITCHEN SHITAKE MUSHROOM WHOLE (S) 3OZ,VERDURA DESHIDRATADA
CO-PDM452-1278,OSAKI KANIKAMA 500 G,KANIKAMA
OT-UTE899-5281,SM PALILLO DE BROCHETA DE BAMBU 95-100 PZAS. 20 CM,OTROS UTENSILIOS
CO-DGB309-12845,MAEDA-EN HELADO DE YUZU 5.7 L,POSTRES
SE-SYE599-1085,MIZKAN RICE VINEGAR NATURAL 3.8 LTRS.,OTRO SAZONADOR
CO-SFP602-10323,SUN NOODLE NAMA RAMEN ONDULADO MEDIO GRUESO 24W 50 PZAS 7.1 KG,FIDE JAPONÉS
SE-SYE599-1086,MIZKAN RICE VINEGAR NATURAL 709 ML,OTRO SAZONADOR
SE-SAL504-7787,MAGIC CHEF SALSA DE PESCADO 700 ML,SALSA TAILANDESA
SE-ARR102-1810,TAMAKI CLASIC ARROZ 22.68 KG.,ARROZ DE GRANO CORTO
SE-BEB157-2335,TAKASHIMIZU KARAKUCHI JUNMAI 720ML,SAKE PARA BEBER
SE-SYE558-0667,JFC FURIKAKE-NORI / ALIM PREPS 50G,SAZONADOR JAPONÉS
CO-SFP606-1147,MYOJO NAMA YAKISOBA 3 PORCIONES 495 G,SOPAS Y FIDEOS INSTA
SE-HYE403-4153,UC PANKO-BREAD FINO 11.34 KG,PANKO
SE-SYE599-14291,MIZKAN SU AWASE MD-43 15 L. (ETIQ. ROJA),OTRO SAZONADOR
RE-FVL357-8325,TOYO GARI ROSA 907 G,VERDURA CURTIDA
SE-SYE558-0660,JFC FURIKAKE KATSUO / ALIM PREP 50G,SAZONADOR JAPONÉS
SE-SYE558-0664,JFC FURIKAKE SHISO-ALIM PREP 90G,SAZONADOR JAPONÉS
SE-SYE558-0668,JFC FURIKAKE-SETO / ALIM PREP 50G,SAZONADOR JAPONÉS
SE-HYE403-11104,KOKKU PAN MOLIDO FINO ESTILO JAPONÉS 9.07 KG,PANKO
SE-SFP606-1258,NONG SHIM FIDEO INST CHAPAGETI 127 G,SOPAS Y FIDEOS INSTA
SE-SFP606-11802,PALDO MR. KIMCHI NOODLE 115 G,SOPAS Y FIDEOS INSTA
SE-SFP606-13043,PALDO BIBIMEN TWO 130G,SOPAS Y FIDEOS INSTA
SE-SFP606-11991,YOPOKKI TOPOKKI CUP CARBONARA 120 G,SOPAS Y FIDEOS INSTA
SE-SFP606-11311,YOPOKKI TOPOKKI CUP DULCE Y PICANTE 140 G,SOPAS Y FIDEOS INSTA
SE-SFP606-11817,NONG SHIM BLACK NOODLE SOUP BOLSA 130 G,SOPAS Y FIDEOS INSTA
SE-SFP606-12695,MARUCHAN ZUBAAAN MISO 126 G,SOPAS Y FIDEOS INSTA
SE-DGB309-12124,ROYAL MOCHI TIRAMISU 180 G,POSTRES
SE-DGB309-12123,ROYAL MOCHI MAPLE 180 G,POSTRES
SE-DGB309-12726,ROYAL MOCHI MENTA CON CHOCOLATE 180 G,POSTRES
SE-BEB199-13608,BINGGRAE LECHE TARO 200 ML,OTRAS BEBIDAS
SE-DGB304-12869,LOTTE KANCHO CUP CHOCOLATE 88 G,GALLETA DULCE
SE-SYE599-14288,MIZKAN VINAGRE NATURAL 15 LTRS,OTRO SAZONADOR
SE-SYE556-0037,ASSI RED PEPPER POWDER-COARSE ASSI 5LB,SAZONADOR COREANO
SE-ARR149-11326,YOPOKKI TOPOKKI 3 PQT 600 G,OTRO ARROZ
SE-DGB309-12797,ROYAL MOCHI CHOCOLATE 120 G,POSTRES
SE-BEB159-12598,CANTABILE FRESA 230 ML,SIN GAS
SE-BEB159-13468,CANTABILE MANGO 230 ML,SIN GAS
SE-BEB159-12599,CANTABILE MANZANA 230 ML,SIN GAS
SE-BEB159-13475,CANTABILE POMEGRANATE ADE 230 ML,SIN GAS
SE-BEB159-12596,CANTABILE TE SABOR DURAZNO 230 ML,SIN GAS
SE-BEB159-12601,CANTABILE MORA AZUL 230 ML,SIN GAS
SE-BEB150-13474,CANTABILE CAFÉ CON VAINILLA 230 ML,CAFÉ
CO-DGB309-2157,MINATO SEIKA DAIFUKU MORA AZUL CON CREMA  60 G,POSTRES
CO-DGB309-2159,MINATO SEIKA DAIFUKU FRESA CON CREMA  60 G,POSTRES
CO-DGB309-2161,MINATO SEIKA DAIFUKU TE VERDE CON CREMA  60 G,POSTRES
CO-DGB309-2160,MINATO SEIKA DAIFUKU MANGO CON CREMA 60 G,POSTRES
SE-BEB199-13610,BINGGRAE LECHE CAFE 200 ML,OTRAS BEBIDAS
SE-DGB306-13686,YOUUS PUYANGI JELLY ORIGINAL 90G,GELATINAS
SE-DGB306-13687,YOUUS PUYANGI JELLY DURAZNO  90G,GELATINAS
RE-SYE599-0829,KOCHIJAN HOT PEPPER PASTE 500 GRS.,OTRO SAZONADOR
SE-SYE599-13046,KEWPIE MAYONESA 450 G,OTRO SAZONADOR
SE-BEB155-12181,NICO NICO LYCHEE CON NATA DE COCO 320 ML,JUGO
SE-BEB155-12180,NICO NICO MORA AZUL CON NATA DE COCO 320 ML,JUGO
SE-BEB154-12246,OKF SPARKLING SODA FLOR DE CEREZO 350ML,CON GAS
SE-BEB154-10902,OKF SPARKLING SODA UVA 350 ML,CON GAS
SE-BEB154-12245,OKF SPARKLING SODA GRANADA 350ML,CON GAS
CO-PDM453-3986,SHIRAKIKU HAMACHI FILETE PREMIUM TRATADO N KG,MARISCOS
SE-ACE099-14190,TETSUJIN RAYU 900 ML,OTROS ACEITES
CO-FVL356-0522,GREENLAND EDAMAME SIN VAINA 454 G,VERDURA CONGELADA
SE-DGB302-13184,AMOS 4D GUMMY FRESA 65G,DULCE
SE-DGB300-13080,ORION YEGAM ORIGINAL 64G,BOTANAS
OT-UTE899-6421,CHA-BON-BON PAQUETE DE POPOTE INDIVIDUAL APROX. 100 PZS,OTROS UTENSILIOS
CO-PDM456-5476,SM ATUN STEAK ALETA AMARILLA 8 OZ,PESCADOS
SE-SYE558-1884,TOYO AJONJOLI BLANCO 1 KG,SAZONADOR JAPONÉS
SE-PDM450-1916,TOYO NORI HANE CORTE MITAD 200 HJS,ALGA
OT-UTE899-0431,"FUJI POLY RICE NET 45""X39"" MOD NET2/T",OTROS UTENSILIOS
SE-SAL503-9729,MIZKAN PONZU CITRUS SEASONED 12 OZ N,SALSA JAPONESA
SE-SYE599-10384,YOKOI VINAGRE SHUGYOKU 20 L,OTRO SAZONADOR
SE-SYE558-11637,ATARI GOMA PASTA DE AJONJOLÍ BLANCO 300 G,SAZONADOR JAPONÉS
CO-PDM458-9804,AQUAMAR SURIMI (KANIKAMA) DESMENUZADO 1.134 KG,SURIMI
SE-BEB154-12242,OKF SPARKLING SODA TORONJA 350ML,CON GAS
SE-BEB154-10905,OKF SPARKLING SODA MELÓN 350 ML,CON GAS
SE-BEB154-10904,OKF SPARKLING SODA SANDÍA 350 ML,CON GAS
SE-BEB154-10903,OKF SPARKLING SODA FRESA 350 ML,CON GAS
SE-BEB154-12243,OKF SPARKLING SODA YUZU 350ML,CON GAS
SE-BEB154-12681,OKF SPARKLING SODA GRANADA COLOR 350ML,CON GAS
SE-BEB154-13963,OKF SPARKLING MORA AZUL 350 ML,CON GAS
SE-BEB154-12244,OKF SPARKLING SODA MARACUYA 350ML,CON GAS
SE-BEB159-12812,HAITAI COCO PALM MANGO 340 ML,SIN GAS
SE-BEB159-12810,HAITAI COCO PALM GRAPE 238 ML,SIN GAS
SE-SAL504-0941,MAEPLOY SWEET CHILI SAUCE 920 G,SALSA TAILANDESA
SE-BEB160-13165,NONGFU TÉ DE JAZMIN LIMON 500 ML,TÉ
SE-BEB160-13164,NONGFU TÉ DE JAZMIN TORONJA 500 ML,TÉ
SE-BEB160-13163,NONGFU TÉ NEGRO LIMON 500 ML,TÉ
SE-BEB160-12500,NONGFU TÉ OOLONG MELOCOTÓN 500 ML,TÉ
SE-BEB160-12507,NONGFU TÉ OOLONG UVA 500 ML,TÉ
SE-BEB160-12501,NONGFU TÉ VERDE POMELO 500 ML,TÉ
SE-DGB306-11972,LEAMAXX / BOSSEN GELATINA SABOR LICHI 3.8 KG,GELATINAS
SE-SFP606-12100,KOKKU FIDEOS DE TRIGO INSTANTÁNEOS 400 G,SOPAS Y FIDEOS INSTA
SE-BEB163-12608,FUJI MW AGUA MINERAL EN BOTELLA DE VIDRIO 300 ML,AGUA
SE-TYE754-6866,TAKAOKAYA CREPA DE SOYA DE AJONJOLI 20 HJS 78 G,TORTILLA DE SOYA
SE-DGB309-12122,ROYAL MOCHI VAINILLA 180 G,POSTRES
SE-DGB304-12727,ROYAL MOCHI CHOCOLATE 180 G,GALLETA DULCE
SE-DGB309-12723,ROYAL MOCHI CREMA DE CACAHUATE 180 G,POSTRES
SE-SAL502-2083,YAMASA SOY SAUCE TAMBO ETIQ. AMARILLA  208 LTRS.,SALSA DE SOYA
SE-BEB151-1429,SAPPORO BEER LIGHT BOTELLA 355 ML,CERVEZA
SE-SFP601-10127,CATHAY TALLARIN DE ARROZ 3 MM 400 G,FIDEO DE ARROZ
SE-ARR101-0065,BOTAN ARROZ U.S. # 1 22 KG,ARROZ CALROSE
SE-SYE599-0024,AJINOMOTO GLUTAMATO BOLSA  500G,OTRO SAZONADOR
SE-SFP400-11961,KOKKU TALLARIN DE ARROZ 1 MM 400 G,HARINA DE ARROZ
SE-SFP600-0246,NOODLE HOUSE FIDEO DELGADO 454 G,FIDEO CHINO
SE-SAL502-0906,LKK SALSA DE SOYA OSCURA 500 ML.,SALSA DE SOYA
CO-TYE755-5391,CHIMEI PAN PARA HAMBURGUESA 10 PZAS. 300 G.,TORTILLAS EMPANADAS
SE-SAL500-0894,"LKK OYSTER SAUCE ""PANDA"" "" 2.27 KG",SALSA CHINA
CO-CAR202-8082,NH CARNE DE CERDO SAZONADA CHASHU KG,PORCINO
CO-FVL399-10679,MISUZU AJITSUKE KANPYO 1 KG,OTRA VERDURA
SE-TE654-2047,YAMA MOTO YAMA GREEN TEA 16PC 1.12 OZ,TÉ VERDE
SE-SFP604-5309,SM VERMICELLI 300 G,FIDEO VERMICELLI
OT-UTE899-3441,FUJI JUEGO DE VAPORERA DE BAMBOO 3 PZAS 15.24 CM #6,OTROS UTENSILIOS
OT-UTE899-0156,COCTAIL PARASOL 144 PC,OTROS UTENSILIOS
RE-FVL357-0524,GREEN LAND GARI PINK 907 GRS.,VERDURA CURTIDA
SE-BEB157-11674,HAKUTSURU SUPERIOR JUNMAI GINJO 300 ML,SAKE PARA BEBER
CO-SYE558-8327,KINJIRUSHI YUZU KOSHO 90 G,SAZONADOR JAPONÉS
OT-UTE899-0834,KOKKU SUJETADOR DE PALILLOS 10 PZS,OTROS UTENSILIOS
SE-BEB156-7822,NAKANO KUNIZAKARI BUDO NO OSAKE 720 ML,LICORES
SE-BEB156-7819,NAKANO KUNIZAKARI MOMO NO OSAKE 720 ML,LICORES
SE-BEB156-7818,NAKANO KUNIZAKARI ZAKURO NO OSAKE 720 ML,LICORES
SE-SYE558-9886,SOMI SHOYU RAMEN SOUP 1 KG,SAZONADOR JAPONÉS
CO-TQO749-10317,OK AJITSUKE SUSHI AGE CUADRADO 60 PZAS 900 G,OTROS TOFUS Y QUESOS
SE-SYE558-10450,SOMI BASE PARA SOPA DE MISO RAMEN 1 KG,SAZONADOR JAPONÉS
SE-SYE558-4037,SOMI SHANTAN BASE PARA SOPA 1 KG,SAZONADOR JAPONÉS
SE-BEB157-2334,TAKASHIMIZU JUNMAISHU SAKENOKUNI 300ML,SAKE PARA BEBER
SE-BEB156-7821,NAKANO KUNIZAKARI RINGO NO OSAKE 720 ML,LICORES
SE-DGB303-4720,GLICO POCKY FAMILY PACK FRESA 9 PZAS 108 G,GALLETA CHOCOLATE
SE-SYE553-1486,SENRYO VINO PARA COCINAR 18 L,SAKE PARA COCINAR
SE-BEB157-11671,HAKUTSURU SAYURI NIGORI 300 ML,SAKE PARA BEBER
SE-BEB157-7816,NAKANO KUNIZAKARI NIGORI SAKE 300 ML,SAKE PARA BEBER
SE-BEB157-11675,HAKUTSURU SUPERIOR JUNMAI GINJO 720 ML,SAKE PARA BEBER
SE-SYE558-1543,SHIRAKIKU WASABIKO POWDER 1 KG.,SAZONADOR JAPONÉS
RE-FVL357-8324,TOYO GARI BLANCO 9 KG,VERDURA CURTIDA
SE-SYE599-9952,WILSEY MAYONESA C/CHIPOTLE PORCIONADA (100/ 15G) PZA,OTRO SAZONADOR
SE-SYE599-9725,WILSEY MAYONESA PORCIONADA (100/ 15G) PZA,OTRO SAZONADOR
SE-SYE558-4048,YUZUYA HONTEN JUGO DE YUZU 200 ML,SAZONADOR JAPONÉS
OT-UTE804-11365,KOKKU PALILLO DE BAMBU 100 PARES 23 CM,PALILLOS DE BAMBOO
SE-BEB157-9600,GEKKEIKAN JUNMAI SAKE 750 ML,SAKE PARA BEBER
SE-BEB157-5270,SAWANOTSURU JUNMAISHU YAMADANISHIKI 720 ML,SAKE PARA BEBER
SE-HYE449-10990,HINOKUNI KATAKURIKO 1 KG,OTRAS HARINAS
SE-BEB153-0121,CHA-BON-BON POWDER TARO 454 GRS.,CONCENTRADO EN POLVO
SE-PDM450-2034,WP DASHI KOMBU / ALGA MARINA 113 G,ALGA
SE-SYE559-1803,TAKARA U. S. A. MIRIN 18L,SAZONADOR MIRIN
SE-PDM457-11392,YAMAKI HANA KATSUO 454 G,PESC Y MARISC DESHID
SE-SFP604-11559,KOKKU VERMICELLI LONGKOU 300 G,FIDEO VERMICELLI
SE-SFP606-9840,SUNAOSHI SAUCE YAKISOBA 82G,SOPAS Y FIDEOS INSTA
CO-PDM454-9728,KOKKU HUEVA DE PESCADO PROC (MASAGO) 1 KG,HUEVA DE PESCADO
SE-SAL502-0787,KIKKOMAN SALSA SOYA / LIGERA/PLSTICO 1.8,SALSA DE SOYA
SE-SFP603-0139,CHIKARA UDON SABOR CAMARÓN 198 G,FIDEO UDON
SE-PDM450-7991,TOYO AO NORI 14 G,ALGA
SE-TE651-12410,YAMASHIRO UJIMATCHA LATTE 1 KG,TÉ MATCHA
SE-HYE400-0830,KODA MOCHIKO 454 G,HARINA DE ARROZ
SE-PDM450-1914,TOYO NORI RED 50 HJS.,ALGA
SE-SYE558-9720,S&B UMAMI OKAZU RAYU 110 G,SAZONADOR JAPONÉS
CO-PDM454-9942,KOKKU TOBIKO ROJO 500 G,HUEVA DE PESCADO
SE-SYE558-4405,EBARA BASE PARA SOPA DE MISO RAMEN 2150 G,SAZONADOR JAPONÉS
SE-SYE558-9324,EBARA BASE PARA SOPA DE PAITAN RAMEN 1.8 L,SAZONADOR JAPONÉS
SE-ACE099-7080,KADOYA RAYU 163 ML,OTROS ACEITES
SE-ACE050-7079,KADOYA SESAME OIL PURE 654 ML,ACEITE AJONJOLÍ
SE-SFP606-3980,MIYAKOICHI YAKISOBA 3 PORC. 480 G,SOPAS Y FIDEOS INSTA
CO-SFP606-1143,MYOJO NAMA RAMEN MISO 3 PORCIONES 464 G,SOPAS Y FIDEOS INSTA
SE-SYE599-1088,MIZKAN SUSHISU (PREPARADO) 710 ML,OTRO SAZONADOR
SE-FVL358-2139,TOYO SHITAKE REBANADO 50 GRS.,VERDURA DESHIDRATADA
SE-TE650-1950,TOYO TE DE JAZMIN 300 G,TÉ JAZMÍN
CO-FVL356-2155,MIHOU RENKON REBANADO M 500 G,VERDURA CONGELADA
SE-SAL502-5955,LKK SALSA DE SOYA 1.89 L,SALSA DE SOYA
SE-DGB302-13558,AMOS PEELERZ LYCHEE 65 G,DULCE
SE-PDM450-3524,TAKAOKAYA KIZAMI NORI 2.5 MM 100 G,ALGA
SE-PDM450-13668,TETSUJIN DASHI KOMBU DRIED 1KG,ALGA
OT-UTE899-0256,FOOD PAILS MEDIANO 26 OZ 450 P C/ PAGODA,OTROS UTENSILIOS
SE-TYE750-12768,KOKKU PAPEL DE ARROZ REDONDO 16 CM 340 G,TORTILLA DE ARROZ
OT-UTE807-9800,CATHAY KITCHEN SUNOKO MAKISU MANTEL DE MADERA 24 X 24 CM,SUNOKO MAKISU
SE-FVL358-1944,TOYO SHITAKE ENTERO 50 GRS.,VERDURA DESHIDRATADA
SE-BEB151-0920,LUCKY BUDDHA BEER 330 ML,CERVEZA
SE-BEB157-7982,SAWANOTSURU JITSURAKU YAMADANISHIKI 1.8L,SAKE PARA BEBER
SE-BEB157-11672,HAKUTSURU SAYURI NIGORI 720 ML,SAKE PARA BEBER
SE-BEB157-7817,NAKANO NIGORI SAKE 720 ML,SAKE PARA BEBER
SE-SYE558-6764,HOUSE OROSHI NAMA SHOGA 40 G,SAZONADOR JAPONÉS
SE-DGB302-12673,AMOS PEELERZ MANGO 65 G,DULCE
SE-DGB302-12687,AMOS PEELERZ UVA 65 G,DULCE
SE-DGB302-14168,AMOS PEELERZ HELADO 65 G,DULCE
RE-TQO701-8978,PHILADELPHIA CREAMY & SOFT QUESO CREMA 8 KG,QUESOS
SE-BEB158-4962,SENGETSU KOME SHOCHU SENGETSU 720 ML,SHOCHU
RE-ARR149-2092,YISSINE RICE CAKE FOR TOPOKKI 600G,OTRO ARROZ
OT-UTE807-3017,TETSUJIN SUNOKO MAKISU MANTEL DE BAMBU 27 X 27 CM 31112,SUNOKO MAKISU
CO-FVL399-8315,KANEMAN MURASE AJITSUKE MENMA 1 KG,OTRA VERDURA
SE-BEB157-11679,GEKKEIKAN NIGORI SAKE 720 ML,SAKE PARA BEBER
SE-TE654-9363,YAMAMOTO YAMA TE VERDE 150 G,TÉ VERDE
SE-ACE099-1875,GRANO DE ORO ACEITE DE CANOLA 20 L,OTROS ACEITES
SE-TYE750-10386,CATHAY PAPEL DE ARROZ REDONDO 22 CM 340 G,TORTILLA DE ARROZ
SE-SYE558-4406,EBARA BASE PARA SOPA DE SHOYU RAMEN 1.8 L,SAZONADOR JAPONÉS
SE-BEB157-11677,GEKKEIKAN DAIGINJO 720 ML,SAKE PARA BEBER
CO-FVL356-5265,KINJIRUSHI KIZAMI WASABI PICADO 250 G,VERDURA CONGELADA
SE-SYE558-2012,KINJIRUSHI WANER WASABI 1KG,SAZONADOR JAPONÉS
OT-UTE899-1060,MH CHAROLA C/ TAPA 50 PZA MOD YP-1.5 GDE,OTROS UTENSILIOS
SE-SYE599-1132,MIZKAN SU AWASE SD-51 20 L,OTRO SAZONADOR
RE-FVL357-1245,NITAKAYA SHIBASUKE 175 GRS.,VERDURA CURTIDA
CO-DGB309-13884,TOYO HELADO SABOR TARO 5 L,POSTRES
CO-CAR201-10891,WAGYU JAPONÉS STRIPLOIN KILO A5 BMS #10+,BOVINO
SE-UTE899-2369,SAFETY ZONE GUANTE DE VINIL GRANDE (50 PARES) PZA,OTROS UTENSILIOS
SE-SYE558-3440,KINJIRUSHI WASABITS WASABI EN POLVO 1 KG,SAZONADOR JAPONÉS
SE-HYE401-1217,NISSIN FOODS KOMUGIKO HAKURIKIKO 1 KG.,HARINA DE TRIGO
SE-SYE556-11838,DAESANG KOCHIJAN 500 G,SAZONADOR COREANO
SE-HYE449-6877,KODA KATAKURIKO 1 KG,OTRAS HARINAS
CO-TYE755-13333,DAY-LEE PRIDE GYOZA DE CERDO 595 G,TORTILLAS EMPANADAS
SE-SAL502-0865,LKK PREMIUM SOY SAUCE 16.9 FL OZ,SALSA DE SOYA
SE-UTE899-2370,SAFETY ZONE GUANTE DE VINIL MEDIANO (50 PARES) PZA,OTROS UTENSILIOS
SE-SAL502-0911,LKK SALSA SOYA CHAMPIÑON 500 ML.,SALSA DE SOYA
SE-SAL502-0905,LKK SALSA DE SOYA LITE 150 ML.,SALSA DE SOYA
SE-SAL500-0913,LKK SWEET & SOUR SAUCE 240 G,SALSA CHINA
SE-SAL502-10098,PRB SALSA SOYA CHAMPIÑON 1.80 L,SALSA DE SOYA
SE-SAL502-4202,YAMASA SALSA SOYA CONTENEDOR MM2780A 1039.50 L,SALSA DE SOYA
SE-ACE050-1101,MIYAKO SESAME OIL 128FLOZ,ACEITE AJONJOLÍ
SE-PDM450-5350,TETSUJIN DASHI KOMBU DRIED 2.26 KG,ALGA
SE-DGB302-13182,AMOS 4D GUMMY ROBOT 65G,DULCE
SE-DGB302-13512,AMOS GUMMY SUSHI 30 GR,DULCE
SE-SAL502-2917,KIKKOMAN SALSA SOYA 296ML,SALSA DE SOYA
SE-DGB309-12238,ROYAL CACAO MOCHI MANGO 80 G,POSTRES
SE-SFP606-1150,MYOJO UDON W/SOUP 205 G,SOPAS Y FIDEOS INSTA
OT-UTE899-5308,SM PALILLO DE BROCHETA DE BAMBU 95-100 PZAS. 30 CM,OTROS UTENSILIOS
SE-SFP606-11855,SAMYANG HOT CHICKEN RAMEN BIG BOWL HABANERO 110 G,SOPAS Y FIDEOS INSTA
SE-TYE754-1097,MIYAKO RAINBOW NORI GREEN NATURAL 2.1OZ,TORTILLA DE SOYA
SE-SYE558-1462,SB YUZU KOSHO 80G,SAZONADOR JAPONÉS
SE-TE650-0201,DEER TE DE JAZMIN 2.27 KG,TÉ JAZMÍN
SE-FVL357-5950,TOKAI TOKYO TAKUAN 2 PZA 200 G,VERDURA CURTIDA
SE-SAL505-10747,FLYING GOOSE SAMBAL OELEK 3.45 L,SALSA VIETNAMITA
SE-BEB157-2338,SAWANOTSURU JUNMAISHU YAMADANISHIKI 300ML,SAKE PARA BEBER
SE-SAL505-2008,HFF SALSA VIETNAMITA 3.855 KG,SALSA VIETNAMITA
SE-BEB157-6067,SHIRATAKI SHUZO JUNMAI-GINJO JUKUSEI JOZEN MIZUNOGOTOSHI (ROSADO) 300 ML,SAKE PARA BEBER
CO-PDM454-9903,TRIDENT IKURA (C-1A) 1 KG,HUEVA DE PESCADO
SE-SYE551-11267,MARUKOME MISO & EASY ORIGINAL 430 G,MISO
SE-SAL504-0130,CHAOKOH CONCENTRADO DE COCO 2.9 L,SALSA TAILANDESA
SE-BEB151-9946,TSINGTAO CERVEZA BOTELLA 330 ML,CERVEZA
SE-BEB157-5995,SHIRATAKI SHUZO JUNMAI-GINJO JOZEN MIZUNOGOTOSHI (BLANCO) 720 ML,SAKE PARA BEBER
SE-FVL358-14181,GONG HE SHITAKE ENTERO 5 LBS,VERDURA DESHIDRATADA
SE-SFP606-14305,SAMYANG HOT CHICKEN TACO 135 G,SOPAS Y FIDEOS INSTA
CO-TYE753-0213,DYNASTY WONTON SKIN 340 G,TORTILLA PARA WONTON
RE-SYE551-0974,MARUKOME AKA MISO 20 KG.,MISO
SE-SAL502-2077,YAMASA SALSA DE SOYA USUKUCHI 18 L,SALSA DE SOYA
SE-SAL502-1352,PRB LIGHT SOY SAUCE (JAR) 0.475GAL,SALSA DE SOYA
SE-HYE402-1218,NISSIN FOODS KOTSUNO IRANAI TEMPURAKO 300G,HARINA PARA TEMPURA
SE-TE651-8650,TAKAOKAYA MATCHA GYOMUYO 400 G,TÉ MATCHA
SE-HYE400-4771,SAKAGUCHI SHIRATAMAKO 1 KG,HARINA DE ARROZ
SE-SFP601-1389,SAILING BOAT RICE STICKS 16OZ,FIDEO DE ARROZ
SE-ARR103-3525,DAICHI ARROZ INTEGRAL 9.72 KG,ARROZ INTEGRAL
SE-DGB157-11967,LEAMAXX TAPIOCA EXPLOSIVA CON JARABE SABOR LICHI 3.2KG,SAKE PARA BEBER
SE-SFP606-9839,SUNAOSHI SAPPORO SHOYU RAMEN 82G,SOPAS Y FIDEOS INSTA
SE-DGB303-4007,GLICO POCKY CHOCOLATE BANANA 70 G,GALLETA CHOCOLATE
SE-DGB302-0753,KASUGAI GUMMY MIX 102 G,DULCE
OT-UTE807-1645,SM MAKISU REFORZADO 27 X 24 CM,SUNOKO MAKISU
OT-UTE811-2025,SM WOK CON MANGO DE HIERRO 40 CM,WOK
SE-SYE558-1972,TOYO WASABIKO 40 G,SAZONADOR JAPONÉS
OT-UTE899-1300,"PALA ACERO INOXIDABLE CHINO 4.75""",OTROS UTENSILIOS
SE-BEB159-12826,CANTABILE BLUE LEMONADE 230 ML,SIN GAS
SE-BEB158-11691,HITEJINRO JINRO DURAZNO 360 ML,SHOCHU
SE-SYE599-2941,AJINOMOTO CALDO DE CAMARON 1KG,OTRO SAZONADOR
SE-SYE558-3445,AJINOMOTO CALDO DE POLLO PREMIUM 2.7 KG,SAZONADOR JAPONÉS
SE-DGB309-10341,ROYAL DAIFUKU FRESA 120 G,POSTRES
SE-BEB158-10884,HITEJINRO JINRO FRESA 360 ML,SHOCHU
SE-SFP606-11803,PALDO MR. KIMCHI STIR-FRIED NOODLE 134 G,SOPAS Y FIDEOS INSTA
SE-SFP606-14055,TAPATIO RAMEN ORIGINAL 120G,SOPAS Y FIDEOS INSTA
SE-SAL502-0796,KIKKOMAN SOY SAUCE PL BTL 3.79LTR,SALSA DE SOYA
SE-SYE550-1445,SB CURRY POWDER 400 G,CURRY
SE-PDM450-2037,WP FUERU WAKAME 453G,ALGA
SE-TE654-1797,TAKA GREEN BREEZE 300 GRS.,TÉ VERDE
CO-PDM456-13112,AQUACHILE SALMON COHO CRUDO FILETE (3-4 LB) KG,PESCADOS
SE-SAL502-1938,TOYO SALSA DE SOYA CON LIMON 1 L,SALSA DE SOYA
SE-FVL354-7555,GREENLAND KIZAMI BENISHOGA GENGIBRE 907 G,LEGUMBRE FERMENTADA
SE-ACE099-10327,MARUKYO/MIYAKO ACEITE DE SOYA 16.56 L,OTROS ACEITES
SE-SYE599-13296,MISKAN MSH-44 SHIRAGIKU 20 L,OTRO SAZONADOR
SE-DGB303-10361,ROYAL MOCHI COOKIES CACAO 120 G,GALLETA CHOCOLATE
SE-BEB154-13856,SFC BIO SPARKLING CALAMANSI 350 ML,CON GAS
SE-BEB154-13853,SFC BIO SPARKLING CIRUELA 350 ML,CON GAS
SE-BEB154-13855,SFC BIO SPARKLING MANGO 350 ML,CON GAS
SE-BEB154-13854,SFC BIO SPARKLING MELON 350 ML,CON GAS
SE-BEB158-8505,HITEJINRO JINRO CLASSIC 360 ML,SHOCHU
SE-BEB158-5776,HITEJINRO JINRO CHAMISUL FRESH SOJU 360 ML,SHOCHU
OT-UTE899-4151,SOLO CUP VASO PORCION 2 OZ C/250 PZAS. P200N,OTROS UTENSILIOS
OT-UTE899-5987,SOLO CUP TAPA VASO PORCION 2 OZ C/125 PZAS. PL200N,OTROS UTENSILIOS
SE-SFP606-13946,SAMYANG TANGLE FIDEO INSTANTANEO CHUNKY TOMATO 105G,SOPAS Y FIDEOS INSTA
SE-SFP606-13948,SAMYANG TANGLE FIDEO INSTANTANEO GARLIC OIL 105G,SOPAS Y FIDEOS INSTA
SE-TYE750-12770,KOKKU PAPEL DE ARROZ REDONDO 25 CM 340 G,TORTILLA DE ARROZ
SE-BEB156-5567,CHOYA SARARI LIGERO UMESHU 500 ML,LICORES
SE-DGB349-3365,HAITAI OHYES CHOCO 360G,OTROS DULCES
SE-DGB308-12452,HAITAI OHYES COOKIES AND CREAM 360G,PAN DULCE
SE-DGB302-13957,AMOS MUNDIAL 120 G,DULCE
SE-DGB302-13183,AMOS 4D GUMMY DINOSAURIO 65G,DULCE
SE-ARR101-1205,NISHIKI PREMIUM RICE 20 KG.,ARROZ CALROSE
CO-PDM456-1388,SM SABA SHIME JAPAN,PESCADOS
SE-SAL502-2076,YAMASA SALSA DE SOYA TAMARI 148 ML,SALSA DE SOYA
SE-SYE558-1942,TOYO SHICHIMI 50 G,SAZONADOR JAPONÉS
SE-SAL504-0940,MAEPLOY SWEET CHILI SAUCE 350 G,SALSA TAILANDESA
SE-SYE555-8513,KOON CHUN BLACK VINEGAR 500 ML,SAZONADOR CHINO
SE-TYE754-1098,MIYAKO RAINBOW NORI PINK NATURAL 20 HJS,TORTILLA DE SOYA
OT-UTE899-10750,YTB PALILLO DE BROCHETA DE BAMBU 100 PZAS 12 CM,OTROS UTENSILIOS
CO-SFP602-10089,SUN NOODLE CLASSIC-20W,FIDE JAPONÉS
RE-PDM499-0104,CEBESA TINTA DE CALAMAR 250G,OTROS PRODUCTOS MAR
SE-HYE400-0241,ERAWAN RICE FLOUR RED 454 G,HARINA DE ARROZ
SE-BEB157-5612,GEKKEIKAN LIGHT SAKE 1.5 L,SAKE PARA BEBER
OT-UTE811-2030,SM WOK CON DOBLE OREJA 60 CM,WOK
SE-SAL504-13301,AROY CONCENTRADO DE COCO 400 ML,SALSA TAILANDESA
CO-CAR201-10890,WAGYU JAPONÉS RIB EYE KILO A5 BMS #10+,BOVINO
SE-DGB302-13955,AMOS PEELERZ PIÑA 65 G,DULCE
SE-DGB302-12676,AMOS PEELERZ NARANJA 65 G,DULCE
SE-BEB158-10883,HITEJINRO JINRO CIRUELA 360 ML,SHOCHU
SE-SAL502-2065,YAMASA LESS SALT SHOYU IN DISPENSER 148 ML,SALSA DE SOYA
SE-SAL505-0549,HFF GARLIC CHILI SAUCE (L) 18OZ,SALSA VIETNAMITA
SE-SFP400-11964,KOKKU TALLARIN DE ARROZ 10 MM 400 G,HARINA DE ARROZ
SE-DGB309-12793,ROYAL MOCHI COCO 120 G,POSTRES
SE-DGB309-12788,ROYAL MOCHI PAY DE QUESO CON FRESA 120 G,POSTRES
SE-SYE599-1090,MIZKAN VINAGRE NATURAL SHIRAGIKU 20 L,OTRO SAZONADOR
SE-DGB155-11965,LEAMAXX TAPIOCA EXPLOSIVA CON JARABE SABOR FRESA 3.2KG,JUGO
SE-SAL502-13628,SM SALSA DE SOYA 20 LTS,SALSA DE SOYA
SE-SYE558-1455,SB NERI WASABI EN TUBO 43 G,SAZONADOR JAPONÉS
OT-UTE811-1688,SM WOK CON MANGO DE HIERRO 35CM,WOK
OT-UTE811-2026,SM WOK CON DOBLE OREJA 35 CM,WOK
SE-BEB158-12209,LOTTE SOON HARI FRESA 360 ML,SHOCHU
SE-BEB158-12210,LOTTE SOON HARI YOGURT 360 ML,SHOCHU
SE-DGB303-11344,LOTTE PEPERO CRUNCHY 39 G,GALLETA CHOCOLATE
SE-DGB303-11346,LOTTE PEPERO BLANCO ALMENDRA 32 G,GALLETA CHOCOLATE
SE-DGB302-13559,AMOS PEELERZ LEMON 65 G,DULCE
SE-DGB303-1051,MEIJI YAN YAN CHOCOLATE 57 G,GALLETA CHOCOLATE
SE-DGB304-1053,MEIJI YAN YAN GALLETA DULCE FRESA 57 G,GALLETA DULCE
SE-SAL503-10895,TOYO SALSA TERIYAKI 4.7 KG,SALSA JAPONESA
OT-UTE899-0964,MARUESU BARAN YAMAGATA 1000 PC,OTROS UTENSILIOS
SE-FVL398-4445,SEKIMOTO SHISO UMEBOSHI ROJO 150 G,OTRA FRUTA
SE-SYE550-0936,MAEPLOY CURRY PASTA AMARILLA 1 KG,CURRY
SE-SYE554-4827,KEWPIE ADEREZO YUZU SIN ACEITE 380 ML,SAZONADOR ADEREZO
CO-DGB309-12843,MAEDA-EN HELADO DE TE VERDE 5.7 L,POSTRES
SE-SYE550-0607,HOUSE VERMONT CURRY MED HOT 230 GRS.,CURRY
SE-FVL358-1548,SHITAKE REBANADO 5 LBS,VERDURA DESHIDRATADA
SE-FVL357-13547,KOUSYO BENISHOUGA JENGIBRE 1 KG,VERDURA CURTIDA
SE-DGB300-2144,KASUGAI GREEN MAME 73G,BOTANAS
SE-SYE599-4823,KEWPIE MAYONESA MENOS CALORIAS 400 G,OTRO SAZONADOR
SE-SFP606-9841,SUNAOSHI SAPPORO TANMEN 83G,SOPAS Y FIDEOS INSTA
SE-BEB158-12206,LOTTE SOON HARI UVA 360 ML,SHOCHU
SE-BEB199-13609,BINGGRAE LECHE MELÓN 200 ML,OTRAS BEBIDAS
SE-DGB303-2862,LOTTE PEPERO ORIGINAL 47G,GALLETA CHOCOLATE
SE-SFP606-11800,PALDO KOKOMEN CHICKEN 120 G,SOPAS Y FIDEOS INSTA
SE-BEB158-12212,LOTTE CHUM CHURUM 360 ML,SHOCHU
SE-SAL503-0790,KIKKOMAN SALSA TEMPURA 296 ML,SALSA JAPONESA
SE-SFP606-12972,SAMYANG FIDEO INSTANTANEO CARBONARA CUP 80 G,SOPAS Y FIDEOS INSTA
SE-SAL502-4739,TOYO SALSA DE SOYA PREMIUM 20 L,SALSA DE SOYA
SE-SYE599-0018,AJINOMOTO GLUTAMATO BULTO 18 KG.,OTRO SAZONADOR
SE-SYE599-8632,AJINOMOTO CALDO DE RES 1KG,OTRO SAZONADOR
SE-SYE599-2942,AJINOMOTO SALSA OSCURA DEMIGLACE 4KG,OTRO SAZONADOR
SE-ACE052-1882,TOYO ACEITE DE CACAHUATE TOSTADO 1 L,ACEITE CACAHUATE
OT-UTE899-4150,SOLO CUP VASO PORCION 1 OZ C/250 PZAS. P100N,OTROS UTENSILIOS
SE-SFP600-10864,CATHAY KITCHEN DRIED NOODLE 400 G,FIDEO CHINO
SE-SFP606-8545,SAMYANG HOT CHICKEN TOPOKKI  BIG BOWL 185G,SOPAS Y FIDEOS INSTA
SE-DGB306-11207,INASHOKUHIN INA AGAR 1 PZA 500 G,GELATINAS
RE-FVL355-1270,OOBA (SHISO) (HOJA),VERDURA
SE-SYE552-1788,TAHINI CREMA DE AJONJOLI 19 L,PASTA DE AJONJOLÍ
SE-SFP606-11850,SAMYANG HOT CHICKEN RAMEN BIG BOWL CARBO 105 G,SOPAS Y FIDEOS INSTA
SE-BEB152-0097,CALPIS CONCENTRADO 1LT,CONCENTRADO
SE-HYE449-10600,YAMAHIDE TENKASU 60 G,OTRAS HARINAS
SE-BEB154-10016,SANGARIA KAORI SAWAYAKA UME SODA 190 G,CON GAS
CO-FVL356-7628,MARUKO FOODS YAMAIMO FF 500 G,VERDURA CONGELADA
SE-SYE555-4776,YOUKI SHISEN TOBANJAN 1 KG,SAZONADOR CHINO
SE-SAL502-2075,YAMASA SALSA DE SOYA ORIGINAL 1 L,SALSA DE SOYA
SE-SAL504-10415,TCC CONCENTRADO DE COCO TETRAPACK 1 L,SALSA TAILANDESA
SE-TE699-10452,PANTAI CHA THAI TÉ EN POLVO 454 G,OTRO TÉ
SE-SAL504-6135,PORWAN SALSA PARA PAD THAI 945 G,SALSA TAILANDESA
SE-BEB157-5411,TAKASHIMIZU JUNMAISHU SAKENOKUNI 1.8 L,SAKE PARA BEBER
SE-SFP602-8094,IBONOITO TENOBE SOMEN 300 G,FIDE JAPONÉS
SE-TE654-2806,SUGIMOTO ORGANIC DAILY MATCHA 57G / 56G,TÉ VERDE
SE-TE651-10923,MATCHA KAORI MATCHA EN POLVO 1 KG,TÉ MATCHA
SE-SFP606-11819,NONG SHIM TONKOTSU KUROMAYU 101 G,SOPAS Y FIDEOS INSTA
SE-ACE099-0596,HOUSE RAYU / ACEITE AJONJOLI 31G,OTROS ACEITES
OT-UTE899-5282,SM PALILLO DE BROCHETA DE BAMBU 95-100 PZAS. 25 CM,OTROS UTENSILIOS
SE-DGB349-7765,LOTTE CHOCO PIE SABOR PLATANO 12 PAQ 336 G,OTROS DULCES
SE-TE160-11920,KOKKU TE DE JAZMIN PREMIUM 2.27KG,TÉ
SE-SYE558-1456,SB NERI WASABI EN TUBO 90 G,SAZONADOR JAPONÉS
SE-TE651-2830,SUGIMOTO MATCHA CULINARY PREMIUM (MP227) 227 G,TÉ MATCHA
SE-SFP606-7235,SAMYANG FIDEO INSTANTANEO CUP PICANTE 70 G,SOPAS Y FIDEOS INSTA
SE-DGB302-14166,AMOS PEELERZ SANDIA 65 G,DULCE
SE-SYE558-3520,AJINOMOTO AJI-SAZÓN ECONOMICO 10 KG,SAZONADOR JAPONÉS
SE-SYE558-3446,AJINOMOTO AJI-SAZÓN ECONOMICO 2.7 KG,SAZONADOR JAPONÉS
SE-DGB306-14082,AJI-JELLY POLVO PARA GELATINA SABOR FRESA SIN AZUCAR 350 G,GELATINAS
SE-DGB306-14081,AJI-JELLY POLVO PARA GELATINA SABOR PIÑA SIN AZUCAR 350 G,GELATINAS
SE-DGB306-14083,AJI-JELLY POLVO PARA GELATINA SABOR UVA SIN AZUCAR 350 G,GELATINAS
SE-ARR100-0012,AHMAD ARROZ BASMATI SIDDIQUI 1 KG,ARROZ BASMATI
SE-SFP601-11106,MADAME WONG TALLARIN DE ARROZ 3 MM 375 G,FIDEO DE ARROZ
SE-SFP601-11108,MADAME WONG TALLARIN DE ARROZ 10 MM 375 G,FIDEO DE ARROZ
SE-SFP603-0136,CHIKARA UDON SABOR POLLO 198 G,FIDEO UDON
SE-SFP603-0137,CHIKARA UDON SABOR CHAMPIÑON 198 G,FIDEO UDON
SE-SFP606-3572,MARUKOME MISO SOUP CEBOLLIN 27 G,SOPAS Y FIDEOS INSTA
SE-SYE550-0938,MAEPLOY CURRY PASTA ROJO 1 KG,CURRY
SE-TQO702-12627,MORI-NU TOFU (ORGANICO) 305 G,TOFU
SE-SFP606-11851,SAMYANG HOT CHICKEN RAMEN BIG BOWL CHEESE 105 G,SOPAS Y FIDEOS INSTA
SE-SAL505-0550,HFF GARLIC CHILI SAUCE (S) 8OZ,SALSA VIETNAMITA
SE-SAL505-1399,HFF SAMBAL SALSA OELEK 510 GRS,SALSA VIETNAMITA
SE-BEB157-13267,HANA SAKE SABOR DURAZNO BLANCO 375 ML,SAKE PARA BEBER
SE-DGB309-10265,ROYAL CUSTARD MOCHI RASPBERRY 168 G,POSTRES
SE-SFP606-14079,YOPOKKI TOPOKKI CUP SPICY CARBONARA 120 G,SOPAS Y FIDEOS INSTA
SE-SFP606-11312,YOPOKKI TOPOKKI CUP QUESO 120 G,SOPAS Y FIDEOS INSTA
SE-SYE558-1108,MOMOYA KIMUCHI NO MOTO 190 G,SAZONADOR JAPONÉS
CO-PDM499-0774,KIBUN ODEN SET 433 G,OTROS PRODUCTOS MAR
SE-BEB159-10909,OKF JUGO DE SANDIA CON ALOE 500 ML,SIN GAS
SE-BEB157-9344,TAKASHIMIZU KIMOTO TOKUBETSU JUNMAISHU 1.8 L N,SAKE PARA BEBER
SE-BEB157-8111,TAKASHIMIZU JYOSEN HONJOZO CUP 200 ML,SAKE PARA BEBER
SE-BEB157-5412,TAKASHIMIZU JUNMAISHU SAKENOKUNI 720 ML,SAKE PARA BEBER
SE-BEB151-1431,SAPPORO BEER RESERVE BOTELLA 355 ML,CERVEZA
SE-BEB157-6068,SHIRATAKI SHUZO JUNMAI-DAIGINJO JOZEN MIZUNOGOTOSHI (AZUL) 300 ML,SAKE PARA BEBER
SE-BEB158-12213,LOTTE CHUM CHURUM SAERO 375 ML,SHOCHU
SE-BEB159-12489,OKF JUGO DE FRESA CON ALOE 500 ML,SIN GAS
SE-DGB302-13697,COCOK GUMMY PELABLE ANIMALES 60G,DULCE
SE-DGB309-13906,ORION FISH CAKE CUSTAR MOCHI 360G,POSTRES
SE-SYE558-1991,URASHIMA BULK SAKE TARAKO FURIKAKE 1LB,SAZONADOR JAPONÉS
SE-PDM450-10026,D'LEON NORI 100 HJS C/40 PQ,ALGA
SE-SAL500-9963,LKK SALSA DE CIRUELA 2.31 KG,SALSA CHINA
SE-DGB302-11832,ROYAL MARSHMALLOW FRESA 100 G,DULCE
SE-BEB158-8332,HAMADA JAPANESE SPIRITS (SHOCHU) KAIDOUIWAINOAKA SHOCHU 720 ML,SHOCHU
SE-BEB157-2333,TAKASHIMIZU JUNMAI DAIGINJO 300ML,SAKE PARA BEBER
OT-UTE899-13237,EZ COOKER BOWL 30 PZ,OTROS UTENSILIOS
SE-SFP606-9812,PALDO HWA RAMYUN 120G,SOPAS Y FIDEOS INSTA
SE-SAL502-2079,YAMASA SALSA SOYA ZESTY PACK 500 SOBRES,SALSA DE SOYA
SE-DGB302-11833,ROYAL MARSHMALLOW UVA 100 G,DULCE
CO-SFP649-5780,APOLLO PASTA KATAIFI 454 G,OTRAS SOPAS Y FIDEOS
SE-ACE050-9984,KUKI ACEITE DE AJONJOLI 370 ML,ACEITE AJONJOLÍ
SE-BEB158-8059,HITEJINRO JINRO TORONJA SOJU 13% 360 ML,SHOCHU
SE-SAL500-10119,PRB SALSA DE OSTION 2.27 KG,SALSA CHINA
SE-FVL399-0151,YANG JIANG FRIJOL NEGRO SALADO C/JENGIBRE 454 G,OTRA VERDURA
CO-FVL354-3030,AZUMA GOKUSHOICHIBAN NATTO  3 PZAS 153.3 G,LEGUMBRE FERMENTADA
SE-SAL500-0842,KOON CHUN GROUND BEAN SAUCE 5LB,SALSA CHINA
RE-FVL357-10898,TOYO GARI BLANCO 907 G,VERDURA CURTIDA
RE-FVL357-8326,TOYO GARI ROSA 9 KG,VERDURA CURTIDA
CO-PDM454-0619,TOYO IKURA 100 G,HUEVA DE PESCADO
SE-DGB302-13696,YOUUS CORAZON CON GOMITAS 47G,DULCE
SE-DGB302-13695,YOUUS CORAZON FRESA CON GOMITAS 47G,DULCE
SE-BEB155-13873,YOUUS JUGO DE CITRICOS 330 ML,JUGO
SE-BEB155-13878,YOUUS JUGO DE DURAZNO 330 ML,JUGO
RE-SAL503-0813,KINJIRUSHI TUBE KIN NERIUME #U21 250 G,SALSA JAPONESA
SE-TYE754-13605,AJINOMOTO MAMENORI SAN HOJAS DE SOYA COLOR ROSA 52 G,TORTILLA DE SOYA
SE-BEB152-0118,CHA-BON-BON JUICE STRAWBERRY 5 LB,CONCENTRADO
SE-BEB152-0114,CHA-BON-BON JUICE LYCHEE 5 LB,CONCENTRADO
SE-BEB152-0115,CHA-BON-BON JUICE MANGO 5 LB.,CONCENTRADO
SE-BEB152-0113,CHA-BON-BON JUICE KIWI 5 LB,CONCENTRADO
SE-SFP606-11797,PALDO KING CUP MR. KIMCHI 110 G,SOPAS Y FIDEOS INSTA
SE-PDM450-1799,TAKAOKAYA NORI 100 HJS C/40 PQ.,ALGA
SE-FVL357-5938,TOKAI TOKYO TAKUAN 1 PZA 400 G,VERDURA CURTIDA
SE-BEB154-13964,OKF SPARKLING LIMONADA AZUL 350 ML,CON GAS
SE-FVL358-1547,SHITAKE REBANADO 3 OZ,VERDURA DESHIDRATADA
SE-DGB159-11969,LEAMAXX TAPIOCA EXPLOSIVA CON JARABE SABOR DURAZNO 3.2KG,SIN GAS
RE-PDM456-5423,SM ATUN ALETA AZUL FRESCO EN LOMO TALLA - 50 KG,PESCADOS
RE-TQO702-0585,HOUSE HINOICHI TOFU SUAVE 538 GRS.,TOFU
SE-SYE558-0597,HOUSE SHICHIMI 10.58OZ,SAZONADOR JAPONÉS
SE-DGB302-11831,ROYAL MARSHMALLOW CHOCOLATE 100 G,DULCE
SE-BEB163-13006,FUJI MW AGUA MINERAL EN BOTELLA DE VIDRIO 700 ML,AGUA
SE-BEB163-12606,FUJI MW AGUA NATURAL EN BOTELLA DE PLÁSTICO 500 ML,AGUA
RE-TE654-13122,YAMASHIRO TE VERDE MATCHA MIYABINO SHIRO 1 KG,TÉ VERDE
RE-FVL355-0529,"HAKUSAI (CHICORIA, COL CHINO).",VERDURA
SE-SYE599-1130,MIZKAN SU AWASE KD39 20 L (ETIQ. AMAR.),OTRO SAZONADOR
SE-TYE754-13603,AJINOMOTO MAMENORI SAN HOJAS DE SOYA COLOR AMARILLO 52 G,TORTILLA DE SOYA
SE-DGB302-0752,KASUGAI GUMMY LITCHI 102G,DULCE
SE-SFP606-11805,PALDO GOMTANG MEN 102 G,SOPAS Y FIDEOS INSTA
SE-BEB154-13966,OKF SPARKLING LIMONADA ROSA 350 ML,CON GAS
SE-TE653-0202,DEER TE DE OOLONG 2.27 KG,TÉ OOLONG
SE-DGB309-13905,ORION CHOCO PIE BANANA 444G,POSTRES
SE-SFP606-4791,SAPPORO ICHIBAN TONKOTSU RAMEN 104 G,SOPAS Y FIDEOS INSTA
SE-SAL500-0888,LKK KUNG PAO STIR FRY SAUCE 525 G,SALSA CHINA
SE-HYE401-14303,NIPPN JAPANESE STYLE FRIED CHICKEN MIX 10 KG,HARINA DE TRIGO
CO-TYE799-1984,APOLLO PASTA FILLO 454 G,OTRA TORTILLA
CO-PDM456-1701,AQUACHILE SALMON CRUDO PORCION (8 OZ) KG,PESCADOS
SE-SFP606-12973,SAMYANG FIDEO INSTANTANEO QUESO CUP 70 G,SOPAS Y FIDEOS INSTA
SE-SFP606-13644,SAMYANG MEP FIDEO INSTANTANEO SABOR AJO Y  ALMEJA 120 G,SOPAS Y FIDEOS INSTA
SE-DGB352-13291,HBAF ALMENDRAS SABOR MANTEQUILLA Y MIEL 120 GR,FRUTA DESHIDRATADA
SE-DGB302-10005,MORINAGA HI CHEW BERRY 90G N,DULCE
SE-BEB154-13880,YOUUS SINGHA SODA LIMON 350 ML,CON GAS
RE-TQO702-4369,HOUSE HINOICHI SOON TOFU EXTRA SUAVE 340 GRS.,TOFU
OT-UTE899-6044,IWATANI TORCHBURNER PROF CB-TC-PRO 2,OTROS UTENSILIOS
SE-SYE550-1894,TOYO CURRY POWDER 50 G,CURRY
SE-SFP602-2616,MIYAKOICHI KK CHUKA SOBA 140G,FIDE JAPONÉS
SE-SFP606-1434,SAPPORO ICHI ORI FIDEO INST 100 G,SOPAS Y FIDEOS INSTA
SE-DGB302-13560,AMOS PEELERZ  MANZANA VERDE 65 G,DULCE
SE-DGB302-0751,KASUGAI GUMMY KIWI 107 G,DULCE
CO-PDM454-11661,KANEFUKU MENTAI TUBE HOT 300 G,HUEVA DE PESCADO
CO-PDM454-11662,KANEFUKU MENTAI TUBE MILD 300 G,HUEVA DE PESCADO
SE-PDM450-2902,TOYO NORI HANE ESPECIAL 100 HJS C/40 PQ,ALGA
SE-HYE449-4762,NAGATANIEN GYOMUYO TSUBU ARARE 300 G,OTRAS HARINAS
OT-UTE899-3501,TETSUJIN CONTENEDOR DONBURI CHICO 50 PZS,OTROS UTENSILIOS
CO-PDM453-11660,TOYO CAMARON FRIZADO SIN CABEZA 21/25 5KG PZA,MARISCOS
SE-TE653-1952,TOYO TE DE OOLONG 300 G,TÉ OOLONG
SE-DGB309-11644,KRACIE POPIN COOKIN BENTO 29 G,POSTRES
SE-DGB309-11646,KRACIE POPIN COOKIN GUMMY LAND 27G,POSTRES
SE-DGB309-11645,KRACIE POPIN COOKIN HAMBURGER 32 G,POSTRES
SE-BEB152-13260,LEAMAXX / BOSSEN JARABE SABOR FRESA SIN PULPA 2.5 KG,CONCENTRADO
SE-TQO702-13896,MORI-NU TOFU ASIAN DESSERT 315G,TOFU
SE-SYE550-6375,S&B GOLDEN CURRY PASTA HOT 220 G,CURRY
SE-DGB304-0473,AMAYS GALLETA DE LA FORTUNA 2.7 KG.,GALLETA DULCE
SE-BEB157-7981,SAWANOTSURU JITSURAKU YAMADANISHIKI 720ML,SAKE PARA BEBER
OT-UTE899-3443,FUJI JUEGO DE VAPORERA DE BAMBOO 3 PZAS 25.4 CM #10,OTROS UTENSILIOS
CO-TYE755-11586,SEÑOR YOSHI GYOZA DE CAMARON 500 G,TORTILLAS EMPANADAS
OT-UTE899-10749,YTB PALILLO DE BROCHETA DE BAMBU 100 PZAS 9 CM,OTROS UTENSILIOS
SE-BEB151-13040,ISEKADO GOHAN LAGER 330 ML,CERVEZA
SE-BEB151-13039,ISEKADO HIME WHITE 330 ML,CERVEZA
SE-BEB156-4961,SENGETSU SHISO LICOR KOISHISO 500 ML,LICORES
SE-BEB157-8779,SAWANOTSURU JUNMAI TARU SAKE 180 ML,SAKE PARA BEBER
SE-BEB156-11667,HAKUTSURU JUICY YUZU 700 ML / 720 ML,LICORES
SE-BEB157-5997,SHIRATAKI SHUZO JUNMAI-GINJO JUKUSEI JOZEN MIZUNOGOTOSHI (ROSADO) 720 ML,SAKE PARA BEBER
SE-DGB303-12846,GLICO POCKY PEPPERMINT 67G,GALLETA CHOCOLATE
SE-PDM450-8648,TAKAOKAYA AOSA KO 100G (AONORI),ALGA
OT-UTE899-10430,SM HANGUIRI SK66  66CM,OTROS UTENSILIOS
SE-BEB157-11668,HAKUTSURU JUNMAI DRAFT 180 ML,SAKE PARA BEBER
SE-BEB157-7815,NAKANO NIGORI SAKE CUP 200 ML,SAKE PARA BEBER
SE-TE650-2049,YAMA MOTO YAMA JAZMIN TEA BAG 16 SOBRES,TÉ JAZMÍN
SE-SAL502-2071,YAMASA MARUDAIZU W/ORGANIC SOY BEAN 1 L,SALSA DE SOYA
SE-DGB302-11703,LOTTE M COW STRAWBERRY MILK 79G,DULCE
SE-ARR149-7798,TAIMATSU SHOKUHIN KINETSUKIMOCHI PASTELILLO DE ARROZ 350 G,OTRO ARROZ
SE-SFP606-2308,MIYAKOICHI KK CURRY UDON 642 G,SOPAS Y FIDEOS INSTA
SE-SYE559-10616,MIZKAN MIRIN SWEET SEASONING 12OZ N,SAZONADOR MIRIN
SE-SFP606-6134,INDOMIE STIR-FRY NOODLES 85G,SOPAS Y FIDEOS INSTA
SE-DGB302-13185,AMOS 4D GUMMY PIÑA 65G,DULCE
SE-BEB150-10917,OKF PREMIUM BLACK COFFEE 390 ML,CAFÉ
SE-BEB150-10918,OKF PREMIUM SWEETENED COFFEE 390 ML,CAFÉ
SE-BEB154-13962,OKF KOMBUCHA MANGO LIMON 500 ML,CON GAS
SE-SYE558-1082,MIZKAN OIGATSUO TSUYU BONITO 1.8 LTRS.,SAZONADOR JAPONÉS
SE-BEB157-7980,SAWANOTSURU JITSURAKU YAMADANISHIKI 300ML,SAKE PARA BEBER
SE-BEB157-11913,SAWANOTSURU JYOSEN HONJOZO NAMA 300 ML,SAKE PARA BEBER
SE-SAL502-0801,KIKKOMAN TAMARI SALSA DE SOYA 296 ML,SALSA DE SOYA
SE-BEB158-13330,SANWA IICHIKO PACK 1.8 L,SHOCHU
SE-BEB150-12593,CANTABILE CAFÉ ENDULZADO 230 ML,CAFÉ
SE-DGB305-1254,NONG SHIM SHRIMP CRACKER 75G,GALLETA SALADA
SE-SAL503-2271,OTAJOY YAKISOBA SAUCE 2.31KG.,SALSA JAPONESA
SE-DGB302-0757,KASUGAI LYCHEE CANDY/DULCE 115 G,DULCE
SE-SAL502-0794,KIKKOMAN SOY SAUCE IN PL SALSA 1.2LTR,SALSA DE SOYA
SE-PDM457-13010,YAMAKI HOJUELAS DE PESCADO BONITO SECO 20 PAQ 40 G,PESC Y MARISC DESHID
CO-PDM456-9348,SM / TRIDENT BACALAO NEGRO (BLACK COD 5-7 LB) KG,PESCADOS
OT-UTE801-12557,EZ COOK MÁQUINA PARA COCCIÓN DE RAMEN MOD RM1002,CALENTADOR
CO-SFP605-8378,SHIMADAYA YUDEAGE NAMA PASTA LINGUINE 5 PZAS 1 KG,PASTA DE ARROZ
SE-DGB302-11858,HAITAI GOMITA LIMÓN Y COLA 24 G,DULCE
SE-ARR104-1384,ROYAL UMBRELLA ARROZ JAZMIN 1KG.,ARROZ JAZMÍN
OT-UTE804-1577,SM/ANCHANA PALILLO DE BAMBU 64-70 PARES 23 CM,PALILLOS DE BAMBOO
SE-ARR149-1442,SATO GOHAN GINSHARI 200G,OTRO ARROZ
SE-BEB158-13970,LOTTE SOON HARI LYCHEE 365 ML,SHOCHU
SE-BEB158-12208,LOTTE SOON HARI MANZANA 360 ML,SHOCHU
SE-BEB199-13892,YOUUS FRESHBALL  HIGHBALL LIMON 500 ML,OTRAS BEBIDAS
SE-BEB199-13891,YOUUS FRESHBALL  HIGHBALL TORONJA 500 ML,OTRAS BEBIDAS
SE-BEB199-13890,YOUUS FRESHBALL HIGHBALL  NARANJA 500 ML,OTRAS BEBIDAS
SE-BEB157-6066,SHIRATAKI SHUZO JUNMAI-GINJO JOZEN MIZUNOGOTOSHI (BLANCO) 300 ML,SAKE PARA BEBER
SE-HYE449-12679,CATHAY KITCHEN TAPIOCA PERLA CHICA 340 G,OTRAS HARINAS
SE-DGB309-10342,ROYAL DAIFUKU LECHE 120 G,POSTRES
SE-DGB302-11702,LOTTE MALANG COW MILK 79 G,DULCE
SE-DGB302-9113,MORINAGA HI CHEW MIX 1 KG,DULCE
SE-DGB302-12834,EITARO DULCE SABOR RAMUNE 80 G,DULCE
SE-SFP606-13951,SAMYANG TANGLE FIDEO INSTANTANEO BIG BOWL BULGOGI ALFREDO 105G,SOPAS Y FIDEOS INSTA
SE-SYE599-10940,AJINOMOTO GLUTAMATO SACO 25 KG,OTRO SAZONADOR
SE-BEB152-13563,FAMILY BEAR TÉ LIQUIDO LIMON MIEL 1KG,CONCENTRADO
RE-BEB151-8550,FORTUNA CERVEZA SAKE ALE 355 ML,CERVEZA
SE-SYE599-14289,MIZKAN VINAGRE NATURAL SHIRAGIKU 15 L,OTRO SAZONADOR
OT-UTE807-5311,SM MAKISU DE BAMBU PLANO 24 X 24,SUNOKO MAKISU
SE-SYE558-9326,EBARA BASE PARA SOPA DE RAMEN VEGGIE TONKOTSU 1540 G,SAZONADOR JAPONÉS
SE-BEB157-5994,SHIRATAKI SHUZO JUNMAI-DAIGINJO JOZEN MIZUNOGOTOSHI (AZUL) 720 ML,SAKE PARA BEBER
SE-SYE558-3361,S&B TOROKERU HAYASHI 160G,SAZONADOR JAPONÉS
CO-TYE755-13335,DAY-LEE PRIDE GYOZA DE POLLO Y SHITAKE 595 G,TORTILLAS EMPANADAS
SE-SAL502-10075,FUEKI KINBUE SALSA DE SOYA 600ML,SALSA DE SOYA
SE-TE654-12402,YAMASHIRO TÉ VERDE KAKEGAWA FUKAMUSHICHA 150 G,TÉ VERDE
RE-ARR149-7767,ASSI PASTA DE ARROZ REBANADO 907 G,OTRO ARROZ
SE-SAL502-1939,TOYO SALSA DE SOYA CON LIMON 300 ML,SALSA DE SOYA
CO-TYE752-0207,DYNASTY EGG ROLL SKIN 454 G,TORTILLA PARA ROLLO
RE-SYE551-2879,MARUKOME ORGANIC MISO 375G,MISO
RE-SYE551-2880,MARUKOME ORGANIC MISO REDUCED SODIUM 375G,MISO
RE-FVL355-5514,SM HONGO ENOKI FRESCO,VERDURA
RE-FVL355-5515,SM HONGO SHIMEJI CAFÉ FRESCO (100G.),VERDURA
RE-FVL357-0523,GREEN LAND GARI PINK 9 KG.,VERDURA CURTIDA
SE-BEB159-12825,CANTABILE PINEAPPLE ADE 230 ML,SIN GAS
SE-SYE599-7145,YOKOI VINAGRE SHUGYOKU 1.8 L,OTRO SAZONADOR
SE-SAL503-12117,IKARI TONKATSU SAUCE 1.8 L,SALSA JAPONESA
SE-BEB156-5564,CHOYA UMESHU 500 ML,LICORES
SE-SYE558-11242,MARUMIYA MAZEKOMI WAKAME SALMÓN 29 G,SAZONADOR JAPONÉS
CO-FVL356-5152,UNIFOODS SASAGAKI GOBO 500 G,VERDURA CONGELADA
SE-SYE554-2960,KEWPIE ADEREZO CREMOSO DE AJONJOLI 1.89L,SAZONADOR ADEREZO
SE-SFP606-13338,PALDO KING CUP VOLCANO CARBONARA 105G,SOPAS Y FIDEOS INSTA
SE-SFP601-9675,PRB CHAO CHING FIDEO DE ARROZ 400 G,FIDEO DE ARROZ
SE-SAL503-1128,MIZKAN SALSA DE ANGUILA 1.89 L,SALSA JAPONESA
SE-SAL503-10130,MIZKAN GOMA SHABU 250 ML N,SALSA JAPONESA
SE-SYE558-11208,SB SANSHO PIMIENTA 8 G,SAZONADOR JAPONÉS
VT-DSO0131-0131,DESCUENTO POR VENTA,Artículos
SE-SYE599-6807,ASSI CHILE TRITURADO 28G,OTRO SAZONADOR
SE-BEB150-12592,CANTABILE CAFÉ AMERICANO 230 ML,CAFÉ
SE-TE651-5675,SUGIMOTO MATCHA CULINARY BLEND (MX227) 227 G,TÉ MATCHA
SE-SYE554-11689,CULINAIRE ADEREZO RANCH 3.78 L,SAZONADOR ADEREZO
OT-UTE899-0106,SM CEDAZO DE ALAMBRE CON MANGO DE BAMBU #12 30 CM,OTROS UTENSILIOS
OT-UTE811-2031,SM WOK CON DOBLE OREJA 65 CM,WOK
OT-UTE899-1489,ECHO PALITA SHAMOJI  0421-011,OTROS UTENSILIOS
SE-BEB199-12511,C-100 LIMON 445 ML,OTRAS BEBIDAS
SE-BEB159-12824,CANTABILE WATERMELON ADE 230 ML,SIN GAS
SE-SYE560-7754,DOUBLE HORSE INSTANT TOM YUM SOUP PASTE 500 G,SAZONADOR TAILANDÉS
SE-DGB300-8061,NONG SHIM BANANA FLAVORED SNACK 45G,BOTANAS
SE-DGB302-13615,AMOS POPPPING CANDY UVA 16 G,DULCE
SE-DGB305-1255,NONG SHIM SHRIMP CRACKER SPICY 75G,GALLETA SALADA
SE-DGB309-10278,ROYAL CACAO MOCHI CHOCOLATE 160 G,POSTRES
SE-DGB309-11823,ROYAL CACAO MOCHI LECHE 80 G,POSTRES
SE-DGB309-11824,ROYAL CACAO MOCHI PLATANO 80 G,POSTRES
RE-TQO702-0586,HOUSE HINOICHI TOFU SUKUI 340 GRS.,TOFU
SE-DGB305-1523,SHIRAKIKU NORIMAKI ARARE 85 GRS.,GALLETA SALADA
SE-SAL504-0002,ABC SALSA DE SOYA DULCE KECAP 620 ML,SALSA TAILANDESA
SE-SAL503-3657,KIKKOMAN SALSA DE ANGUILA 2.4 KG,SALSA JAPONESA
SE-SYE550-0939,MAEPLOY CURRY PASTA VERDE 1 KG,CURRY
SE-SYE550-10422,MAEPLOY CURRY PASTA MASSAMAN 1 KG,CURRY
SE-SYE558-9956,AMARI SHICHIMI TOGARASHI 300 G,SAZONADOR JAPONÉS
SE-SAL549-14097,MR. YOSHIDA'S SALSA ORIGINAL 86OZ,OTRAS SALSAS
SE-SFP606-11321,YOPOKKI RAPOKKI CUP JIAJANG 145 G,SOPAS Y FIDEOS INSTA
SE-SFP606-11317,YOPOKKI TOPOKKI CUP KIMCHI 115 G,SOPAS Y FIDEOS INSTA
SE-BEB158-13971,LOTTE SOON HARI CIRUELA 365 ML,SHOCHU
SE-BEB158-12204,LOTTE SOON HARI DURAZNO 360 ML,SHOCHU
SE-DGB349-11700,LOTTE GHANA MILK CHOCOLATE 70 G,OTROS DULCES
SE-BEB159-11722,MADAM H BUBBLE TEA MANZANA 320ML,SIN GAS
SE-ARR102-11297,TOYAMA KOSHIHIKARI ARROZ JAPÓN 5 KG,ARROZ DE GRANO CORTO
CO-FVL399-11282,AKANEMARU KOSHIAN 450 G,OTRA VERDURA
SE-SYE599-14292,MIZKAN SU AWASE SD-51 15 L,OTRO SAZONADOR
SE-BEB157-7820,NAKANO JUNMAI DOBUROKU 720 ML,SAKE PARA BEBER
SE-PDM450-10467,KURAKON ENSALADA ALGA 40 G,ALGA
OT-UTE810-10208,MATSUMI TAZÓN DE CERÁMICA SP23-004/M21-21 17 X 9,VAJILLA PORC Y CERAM
OT-UTE810-13321,TOUICHI TAZÓN DE CERÁMICA 16 X 8.5 68-168-54A,VAJILLA PORC Y CERAM
OT-UTE810-13326,TOUICHI TAZÓN DE CERÁMICA 19.5 X 9 98-192-54WH,VAJILLA PORC Y CERAM
OT-UTE810-13304,TOUICHI VASO DE TÉ 9.2 X 5.8 23-036-40C,VAJILLA PORC Y CERAM
OT-UTE810-13161,SM PORTA PALILLOS DE CERAMICA  A11885-BK,VAJILLA PORC Y CERAM
SE-FVL359-12735,KOKKU BAMBOO SHOOTS EN TIRAS 567 G,VERDURA ENLATADA
SE-BEB157-11203,KAGATOBI JUNMAI NIGORI 720 ML,SAKE PARA BEBER
SE-BEB156-5566,CHOYA SARARI LIGERO UMESHU 180 ML,LICORES
SE-BEB157-9958,SEKAIITTO CHOKARA MINAKATA JUNMAI 720 ML,SAKE PARA BEBER
SE-DGB303-13298,GLICO POCKY PACK COOKIES&CREAM 153G,GALLETA CHOCOLATE
SE-PDM499-14078,MARUYA SUISAN KANI MISO 65 G,OTROS PRODUCTOS MAR
SE-SYE550-0609,HOUSE VERMONT CURRY MILD 230 GRS.,CURRY
SE-SAL501-10882,SAMYANG SALSA HOT CHICKEN CARBO 200 G,SALSA COREANA
CO-FVL354-4025,TAKANO OKAME NATTO GOKU KOTSUBU MINI-3 170.1 G,LEGUMBRE FERMENTADA
SE-BEB153-11094,HILLWAY BUBBLE TEA TARO 260 G,CONCENTRADO EN POLVO
SE-BEB153-10007,HILLWAY BUBBLE TEA MANGO 230 G,CONCENTRADO EN POLVO
SE-DGB303-14065,BOURBON MINI MILHOJAS CHOCOLATE CON FRESA 84 G,GALLETA CHOCOLATE
SE-DGB303-14063,BOURBON ALFORT CHOCOLATE CON FRESA 136 G,GALLETA CHOCOLATE
SE-DGB309-10273,ROYAL FRUIT MOCHI BLUEBERRY 132 G,POSTRES
SE-BEB157-11678,GEKKEIKAN NIGORI SAKE 300 ML,SAKE PARA BEBER
CO-TQO749-4366,OK KIZAMI ABURAAGE 1 KG,OTROS TOFUS Y QUESOS
SE-SFP603-10657,MIYAKO UDON 25 LB,FIDEO UDON
SE-SFP606-14053,TAPATIO RAMEN CHILI LIME SHRIMP BIG BOWL 110G,SOPAS Y FIDEOS INSTA
SE-SFP606-13947,SAMYANG TANGLE FIDEO INSTANTANEO BIG BOWL CHUNKY TOMATO 105G,SOPAS Y FIDEOS INSTA
SE-SYE556-0036,ASSI RED PEPPER POWDER-COARSE ASSI 2LB,SAZONADOR COREANO
SE-SYE558-0557,HIGASHIMARU UDON SOUP 8 PACK 64 GRS.,SAZONADOR JAPONÉS
SE-SAL549-0800,KIKKOMAN SWEET & SOUR SALSA AGRI 326G,OTRAS SALSAS
SE-SAL501-8724,SAMYANG SALSA 2XHOT CHICKEN 200G,SALSA COREANA
SE-DGB304-11074,GLICO POCKY TSUBU TSUBU ICHIGO 55 G,GALLETA DULCE
RE-FVL355-0183,DAIKON (NABO),VERDURA
SE-BEB163-12607,FUJI MW AGUA NATURAL EN BOTELLA DE VIDRIO 780 ML,AGUA
SE-SFP606-12135,PALDO KING CUP VOLCANO CHICKEN 105G,SOPAS Y FIDEOS INSTA
CO-DGB309-2131,MINATO SEIKA DAIFUKU CAMOTE 90 G,POSTRES
CO-DGB309-2133,MINATO SEIKA DAIFUKU FRIJOL 90 G,POSTRES
SE-FVL359-0647,JACK POT WATER CHESTNUTS SLICE 6LB,VERDURA ENLATADA
SE-FVL359-12732,KOKKU BAMBOO SHOOTS REBANADO 227 G,VERDURA ENLATADA
SE-BEB150-12594,CANTABILE CAFÉ CON AVELLANA 230 ML,CAFÉ
SE-SYE550-6371,S&B GOLDEN CURRY PASTA MEDIO HOT 92 G,CURRY
SE-BEB199-10609,OTSUKA POCARI SWEAT PACK 5 SOBRES DE 1 L,OTRAS BEBIDAS
SE-SYE550-6374,S&B GOLDEN CURRY PASTA MEDIO HOT 220 G,CURRY
OT-UTE804-0052,MURAKAMI PALILLO DE BAMBU PERSONALIZADO 100 PARES 24 CM,PALILLOS DE BAMBOO
SE-SAL502-1351,PRB DARK SOY SAUCE (JAR) 0.475GAL,SALSA DE SOYA
SE-SYE555-8459,CHAMPION MICHIU COOKING 3L,SAZONADOR CHINO
SE-BEB159-12600,CANTABILE NARANJA 230 ML,SIN GAS
SE-TYE750-10385,CATHAY PAPEL DE ARROZ REDONDO 16 CM 340 G,TORTILLA DE ARROZ
SE-BEB159-12809,HAITAI BONG BONG PERA 238 ML,SIN GAS
SE-DGB304-9947,HAITAI BUTTER RING CHOCOLATE 103G,GALLETA DULCE
SE-DGB303-11859,HAITAI CHOCO PICK 45 G,GALLETA CHOCOLATE
SE-TYE750-12772,KOKKU PAPEL DE ARROZ REDONDO 28 CM 340 G,TORTILLA DE ARROZ
SE-ARR149-9680,MARUCHAN FUKKURA CHUKAFU OKOWA 160 G N,OTRO ARROZ
SE-BEB199-9160,MARUSANAI LECHE DE SOYA  SIN AZÚCAR 1 L,OTRAS BEBIDAS
SE-TQO702-13897,MORI-NU TOFU SUPER SOFT 307G,TOFU
SE-BEB150-7726,NESTLE  NESCAFE EXCELLA BOTTLE COFFEE MUTOU 900 ML,CAFÉ
SE-TE699-11251,ODANI MUGICHA 416 G,OTRO TÉ
SE-BEB154-10914,OKF FRUIT SPARKLING SANDÍA 500 ML,CON GAS
SE-BEB154-10915,OKF FRUIT SPARKLING UVA VERDE 500 ML,CON GAS
SE-BEB159-11169,OKF JUGO DE DURAZNO CON ALOE 500 ML,SIN GAS
SE-BEB159-10911,OKF JUGO DE KIWI CON ALOE 500 ML,SIN GAS
SE-BEB159-12488,OKF JUGO DE PERA CON ALOE 500 ML,SIN GAS
SE-BEB159-10912,OKF JUGO DE UVA VERDE CON ALOE 500 ML,SIN GAS
SE-DGB300-13904,ORION TURTLE CHIPS ELOTE MEXICANO 160G,BOTANAS
SE-DGB300-13954,ORION TURTLE CHIPS SWEET CORN 160G,BOTANAS
SE-DGB300-13076,ORION TURTLE CHIPS TRUFFLE 160G,BOTANAS
SE-DGB300-13078,ORION TURTLE CHOCO CHURRO 160G,BOTANAS
SE-SFP606-11804,PALDO NAMJA RAMEN 115 G,SOPAS Y FIDEOS INSTA
SE-SFP606-1304,PALDO TEUMSAE RAMEN 120G,SOPAS Y FIDEOS INSTA
SE-SFP606-13953,SAMYANG TANGLE FIDEO INSTANTANEO BIG BOWL CREAMY MUSHROOM 105G,SOPAS Y FIDEOS INSTA
SE-SFP606-13949,SAMYANG TANGLE FIDEO INSTANTANEO BIG BOWL GARLIC OIL 100G,SOPAS Y FIDEOS INSTA
SE-BEB160-10989,SANGARIA ANATA NO KOUBASHII MUGICHA 600 ML,TÉ
SE-BEB160-11341,SANGARIA ANATANO HOUJICHA PET 600 ML,TÉ
SE-BEB160-7920,SANGARIA ANATANO MATCHA IRI GENMAICHA 500 ML,TÉ
SE-TE699-3521,TAKAOKAYA GENMAI-CHA 16 SOBRES,OTRO TÉ
SE-TE699-3523,TAKAOKAYA HOUJI-CHA 16 SOBRES,OTRO TÉ
SE-TE654-3522,TAKAOKAYA SEN-CHA 16 SOBRES,TÉ VERDE
SE-DGB302-13690,TWIZEL COLA 70G,DULCE
SE-DGB302-13689,TWIZEL SANDIA 70G,DULCE
SE-BEB150-11911,UCC OISHII DECAF COFFEE MUTOU 900 ML,CAFÉ
SE-SFP606-11315,YOPOKKI TOPOKKI CUP DAK GALBI 130 G,SOPAS Y FIDEOS INSTA
SE-SFP606-11314,YOPOKKI TOPOKKI CUP JIAJANG 120 G,SOPAS Y FIDEOS INSTA
SE-SFP606-11316,YOPOKKI TOPOKKI CUP MENTAI MAYO 118 G,SOPAS Y FIDEOS INSTA
SE-ARR149-11327,YOPOKKI TOPOKKI REBANADO 3 PQT 600 G,OTRO ARROZ
SE-DGB306-14084,AJI-JELLY POLVO PARA GELATINA SABOR LIMON SIN AZUCAR 350 G,GELATINAS
SE-DGB306-14085,AJI-JELLY POLVO PARA GELATINA SABOR NARANJA SIN AZUCAR 350 G,GELATINAS
SE-BEB199-14287,C-100 TORONJA 445 ML,OTRAS BEBIDAS
SE-TE160-11919,KOKKU TE VERDE PREMIUM 2.27KG,TÉ
SE-SFP606-7236,SAMYANG FIDEO INSTANTANEO CUP 2X SPICY HOT 70 G,SOPAS Y FIDEOS INSTA
SE-SAL500-0891,LKK MOS-PANDA MAN ORA CK 227G,SALSA CHINA
SE-CAR202-0718,KAM YEN JAN CHORIZO CHINO PUERCO 397G,PORCINO
SE-BEB199-10611,OTSUKA POCARI SWEAT PACK SOBRE DE 10 L,OTRAS BEBIDAS
SE-SYE550-6373,S&B GOLDEN CURRY PASTA MILD 220 G,CURRY
SE-DGB309-12790,ROYAL MOCHI MAPLE 120 G,POSTRES
SE-DGB309-12791,ROYAL MOCHI TIRAMISU 120 G,POSTRES
SE-SFP606-7149,NONG SHIM BLACK NOODLE SOUP 101 G,SOPAS Y FIDEOS INSTA
SE-BEB154-13965,OKF SPARKLING SABOR KIWI 350 ML,CON GAS
SE-SFP649-5375,EBARA E-BASIC SOPA PARA RAMEN SABOR SAL 1.8 L,OTRAS SOPAS Y FIDEOS
SE-SAL502-2307,SOYA CERV SALSA DE SOYA 20 LTS.,SALSA DE SOYA
RE-TQO702-0584,HOUSE HINOICHI TOFU REGULAR 396 G,TOFU
SE-DGB303-3104,LOTTE PEPERO ALMENDRA 32 G,GALLETA CHOCOLATE
SE-SAL502-13568,KIKKOMAN SALSA DE SOYA BAJA EN SODIO 296 ML,SALSA DE SOYA
SE-DGB309-12789,ROYAL MOCHI VAINILLA 120 G,POSTRES
SE-DGB303-11347,LOTTE PEPERO CHOCO COOKIE 32 G,GALLETA CHOCOLATE
SE-DGB303-3658,LOTTE PEPERO CHOCOLATE BLANCO 32 G,GALLETA CHOCOLATE
SE-SAL504-0908,LKK SALSA SABOR CACAHUATE 226 G,SALSA TAILANDESA
SE-DGB309-12795,ROYAL MOCHI CARAMELO 120 G,POSTRES
SE-DGB303-14183,KITKAT MATCHA LATTE 9 P 114 G,GALLETA CHOCOLATE
SE-DGB303-13666,KITKAT CHOCOLATE NARANJA 9 P 104.4 G,GALLETA CHOCOLATE
SE-SAL504-10428,MAEPLOY SALSA PARA SPRING ROLL 870 G,SALSA TAILANDESA
SE-SFP602-1867,TOGAKUSHISOBA SHINSHU YAMAIMO SOBA 450G,FIDE JAPONÉS
SE-DGB309-12796,ROYAL MOCHI MENTA CON CHOCOLATE 120 G,POSTRES
CO-CAR201-13368,WAGYU JAPONÉS TOP ROUND KILO A5 BMS #10+,BOVINO
SE-BEB158-5324,SANWA IICHIKO 900 ML,SHOCHU
SE-DGB309-12794,ROYAL MOCHI CREMA DE CACAHUATE 120 G,POSTRES
SE-SAL549-9762,ZAFRAN SALSA ORIGINAL 3.75 L,OTRAS SALSAS
SE-SAL549-9763,ZAFRAN SALSA MANGO HABANERO 2.3 KG,OTRAS SALSAS
SE-HYE402-1731,SM TEMPURA BATTER MIX CRISPY STYLE 25LBS,HARINA PARA TEMPURA
SE-SYE558-4693,EBARA KARYU TORI GARA SOUP 500 G,SAZONADOR JAPONÉS
SE-BEB157-11669,HAKUTSURU JUNMAI DRAFT 300 ML,SAKE PARA BEBER
SE-SFP602-4387,ITSUKI SAISAI SOMEN 320 G,FIDE JAPONÉS
SE-SFP606-11313,YOPOKKI TOPOKKI CUP PICANTE 120 G,SOPAS Y FIDEOS INSTA
SE-DGB309-10343,ROYAL DAIFUKU TE VERDE 120 G,POSTRES
SE-SAL504-10293,LUCKY SALSA DE PESCADO 700 ML,SALSA TAILANDESA
SE-SAL502-6347,YAMASHIN SHIRO SHOYU 1.8 L,SALSA DE SOYA
SE-BEB157-13735,ICHINOKURA MADENA 720 ML,SAKE PARA BEBER
SE-BEB157-13736,URAKASUMI JUNMAI GINJO NO.12 720 ML,SAKE PARA BEBER
SE-BEB157-13732,HAKUTSURU BLANC 720 ML,SAKE PARA BEBER
SE-SYE558-12578,SM RAMEN TARE TONKOSU 1 KG,SAZONADOR JAPONÉS
SE-SAL503-12114,IKARI TONKATSU SAUCE 300 ML,SALSA JAPONESA
SE-BEB157-11914,SAWANOTSURU SHU SHU LIGHT 180 ML,SAKE PARA BEBER
CO-SYE558-12575,SM BASE DE SOPA KYOTO TONKOTSU 5 KG,SAZONADOR JAPONÉS
CO-SFP602-12572,SM FIDEO DE RAMEN GRUESO 150 G X 5 PZAS,FIDE JAPONÉS
CO-SFP602-12571,SM FIDEO DE RAMEN DELGADO 120 G X 5 PZAS,FIDE JAPONÉS
OT-UTE803-2102,ZOJIRUSHI CONS ELECT. THA-603 S 6 L,ELÉCTRICO
SE-SFP606-13842,MARUCHAN SEIMEN CUP MISO 131 G,SOPAS Y FIDEOS INSTA
SE-TE654-2052,YAMA MOTO YAMA SENCHA-UME 1KG,TÉ VERDE
SE-BEB154-13961,OKF KOMBUCHA CEREZA 500 ML,CON GAS
SE-BEB158-8373,UNKAI HYUGA KOBIKI KURO 900 ML,SHOCHU
SE-TE654-4704,UJINOTSUYU TOKUYO GENMAICHA 400 G,TÉ VERDE
SE-ARR102-1813,TAMAKI GOLD KOSHIHIKARI ARROZ 6.8 KGS.,ARROZ DE GRANO CORTO
RE-SYE551-10432,HIKARI SHINSHU AWASE MISO 1KG,MISO
SE-SAL501-4680,ASSI SALSA DE FRIJOL NEGRO 500 G,SALSA COREANA
SE-DGB300-7150,NONG SHIM SHRIMP FLAVORED CHIPS 45 G,BOTANAS
SE-HYE403-1525,SHIRAKIKU PANKO CRUMBS 198 G,PANKO
SE-SAL504-4146,YOUKI SALSA DE PESCADO NAMPLA 70 G,SALSA TAILANDESA
SE-SFP606-13702,YOUUS GONGHWACHUN ZAJANG NOODLE BOLSA 195G,SOPAS Y FIDEOS INSTA
SE-SAL502-14283,YAMAKAWA SALSA DE SOYA DENSHO TAMARI MINO 500 G,SALSA DE SOYA
SE-SFP603-11209,ISHIMARU SEIMEN SANUKI UDON 500 G,FIDEO UDON
SE-BEB151-13885,YOUUS CERVEZA JEJU BAENGNOKDAM ALE 4.3% 500 ML,CERVEZA
SE-BEB151-13888,YOUUS CERVEZA SEONGSAN ILCHULBONG ALE 5% 500 ML,CERVEZA
SE-BEB157-11676,GEKKEIKAN DAIGINJO 300 ML,SAKE PARA BEBER
SE-BEB158-12994,LOTTE CHUM CHURUM  SAERO APRICOT 375 ML,SHOCHU
SE-SYE558-0022,AJINOMOTO HONDASHI 32G,SAZONADOR JAPONÉS
SE-SYE558-7662,MOMOYA KIMUCHI NO MOTO 1.2 KG,SAZONADOR JAPONÉS
SE-DGB302-13500,BOURBON CUBY ROP 100 G,DULCE
SE-HYE403-0058,BIMBO PAN MOLIDO 5 KGR.,PANKO
SE-SAL502-2081,YAMASA SHOYU IN DISPENSER 5FL.OZ.,SALSA DE SOYA
SE-BEB157-7891,SUEHIRO DAIGINJO 300 ML,SAKE PARA BEBER
SE-DGB303-13858,GLICO POCKY CHOCOLATE JAPÓN 58 G,GALLETA CHOCOLATE
SE-ARR101-1206,NISHIKI PREMIUM RICE MUSENMAI 2.26KG,ARROZ CALROSE
SE-DGB303-10363,ROYAL MOCHI COOKIES PLATANO 120 G,GALLETA CHOCOLATE
SE-SAL502-10074,FUEKI SALSA DE SOYA NAMA 600 ML,SALSA DE SOYA
SE-SYE555-1339,POLVO DE 5 ESPECIAS 454 GRS.,SAZONADOR CHINO
OT-UTE811-2029,SM WOK CON DOBLE OREJA 55 CM,WOK
SE-SFP606-13843,MARUCHAN SEIMEN CUP SALSA DE SOYA 120 G,SOPAS Y FIDEOS INSTA
SE-BEB160-1335,POKKA JAPANESE GREEN TEA 300 ML.,TÉ
SE-SYE558-13398,S&B UMAMI OKAZU RAYU 400 G,SAZONADOR JAPONÉS
SE-DGB302-11706,LOTTE JELLICIOUS REAL SOUR 51 G,DULCE
SE-DGB302-13698,COCOK GUMMY PELABLE ANIMALES MARINOS 60G,DULCE
SE-SFP606-13647,SAMYANG MEP FIDEO INSTANTANEO SABOR AJO Y  ALMEJA BOWL 110 G,SOPAS Y FIDEOS INSTA
CO-PDM452-1517,SHIRAKIKU KANIKAMA GOLD 500 G,KANIKAMA
CO-DGB309-12844,MAEDA-EN HELADO DE LYCHEE 5.7 L,POSTRES
SE-BEB159-12595,CANTABILE UVA VERDE 230 ML,SIN GAS
SE-BEB151-13886,YOUUS CERVEZA GWANGHWAMUN ALE 5% 500 ML,CERVEZA
SE-BEB157-11680,GEKKEIKAN YAMADANISHIKI TOKUBETSU JUNMAI 300 ML,SAKE PARA BEBER
SE-BEB157-11681,GEKKEIKAN YAMADANISHIKI TOKUBETSU JUNMAI 720ML,SAKE PARA BEBER
RE-SYE551-10014,ROKKO MISO ASHIYA KURADUKURI AKADASHI MISO 300G,MISO
CO-TQO749-13389,OK AJITSUKE SUSHI AGE CUADRADO 25 N 60 PZAS 660 G,OTROS TOFUS Y QUESOS
SE-SYE558-1127,MIZKAN OIGATSUO TSUYU BONITO SOUPBASE 16 OZ,SAZONADOR JAPONÉS
SE-BEB199-12252,SUNTORY WHISKY TOKI 750 ML,OTRAS BEBIDAS
SE-DGB302-4497,MORINAGA HI CHEW CITRICOS MIXTOS 90 G,DULCE
SE-DGB302-9980,MORINAGA HI CHEW  FRUTAS MIXTAS 80G,DULCE
SE-DGB302-1114,MORINAGA HI CHEW GRAPE 50 G,DULCE
SE-DGB302-1116,MORINAGA HI CHEW MANGO 50 GRS.,DULCE
SE-DGB302-1115,MORINAGA HI CHEW GREEN APPLE 50 GRS,DULCE
OT-UTE899-5999,SOLO CUP TAPA VASO PORCION 1 OZ C/125 PZAS. PL100N,OTROS UTENSILIOS
SE-DGB302-14280,SAPPORO GOURMET FOODS CARAMELO DE LECHE 72 G,DULCE
SE-SYE560-10425,MAEPLOY PASTA PARA SOPA TOM YUM 1 KG,SAZONADOR TAILANDÉS
SE-ARR149-3450,DAICHI MOCHIGOME 2.2 KG,OTRO ARROZ
SE-SYE555-5249,YOUKI TENMENJAN 1 KG,SAZONADOR CHINO
CO-PDM450-12443,HOUSHOKU AO-TOSAKA VERDE 500 GR,ALGA
SE-SAL504-11899,MISHIMA SALSA DE CHILE Y AJO 115 G,SALSA TAILANDESA
SE-SFP602-1424,SANUKI SHISEI SANUKI HIYAMUGI500G,FIDE JAPONÉS
SE-SYE599-7786,TOYO GLUTAMATO MONOSODICO 95 G,OTRO SAZONADOR
SE-SFP604-12435,O'FOOD VERMICELLI 300 G,FIDEO VERMICELLI
CO-DGB309-13883,TOYO HELADO SABOR SAKE 5 L,POSTRES
OT-UTE899-0255,FOOD PAILS MEDIANO 26 OZ 400 P WHITE,OTROS UTENSILIOS
SE-ARR102-4622,TAMAKI GOLD KOSHIHIKARI ARROZ 2 KG,ARROZ DE GRANO CORTO
SE-DGB304-1249,NONG SHIM HONEY TWIST SNACK 75G,GALLETA DULCE
SE-DGB352-13288,HBAF ALMENDRAS SABOR CARAMELO Y PRETZEL 120 GR,FRUTA DESHIDRATADA
SE-DGB349-13289,HBAF ALMENDRAS SABOR COOKIES & CREAM 120 GR,OTROS DULCES
SE-DGB349-13293,HBAF ALMENDRAS SABOR DULCE 120 GR,OTROS DULCES
SE-DGB349-13294,HBAF ALMENDRAS SABOR TIRAMISU 120 GR,OTROS DULCES
SE-SFP606-7912,MARUCHAN GOTSUMORI CORN MISO RAMEN 138 G,SOPAS Y FIDEOS INSTA
SE-SFP606-7913,MARUCHAN GOTSUMORI WONTON SHOYU RAMEN 117 G,SOPAS Y FIDEOS INSTA
SE-BEB154-13960,OKF KOMBUCHA PIÑA DURAZNO 500 ML,CON GAS
SE-TE654-4006,UJINOTUYU MACCHA IRI SENCHA TB 20P 40G,TÉ VERDE
CO-PDM456-14634,AQUACHILE SALMON COHO CRUDO FILETE (4-5 LB) KG,PESCADOS
CO-PDM453-10042,TETSUJIN MONGO CHASEN 500 G/”M”(12-15),MARISCOS
SE-DGB349-11709,LOTTE CHOCO PIE BLACK SUGAR MILK TEA 12 PAQ 336 G,OTROS DULCES
SE-SFP606-11320,YOPOKKI RAPOKKI CUP KIMCHI 145 G,SOPAS Y FIDEOS INSTA
SE-BEB152-11979,LEAMAXX / BOSSEN JARABE SABOR DURAZNO 2.5 KG,CONCENTRADO
SE-SYE550-12026,S&B GOLDEN CURRY CON VERDURAS INSTANTANEO EXTRA PICANTE 230G,CURRY
OT-UTE899-10285,TAKAOKAYA CAJA PARA NORI FULL SIZE #500,OTROS UTENSILIOS
SE-BEB157-11198,KAGATOBI GOKKAN JUNMAI KARAKUCHI 720 ML,SAKE PARA BEBER
SE-SYE599-8790,OTSUKA YAKUHIN SUIHAN MIOLA 1 KG,OTRO SAZONADOR
SE-DGB303-13266,BOURBON PETIT KURO COCOA 47 G,GALLETA CHOCOLATE
SE-DGB300-12394,BOURBON PETIT POTATO CONSOME 35 G,BOTANAS
SE-DGB305-11334,BOURBON PETIT EBI 33 G,GALLETA SALADA
SE-DGB300-13496,BOURBON PETIT AMAJO SALADA SEN 21 G,BOTANAS
SE-TE654-4000,UJINOTSUYU SENCHA KIN 100 G,TÉ VERDE
SE-SYE558-12163,AMARI SANSHO PIMIENTA 15 G,SAZONADOR JAPONÉS
SE-SYE550-10419,MAEPLOY CURRY PASTA AMARILLA 400 G,CURRY
SE-SYE558-4094,EBARA BASE PARA SOPA DE TONKOTSU RAMEN 500ML,SAZONADOR JAPONÉS
SE-SYE558-4093,EBARA BASE PARA SOPA DE SHOYU RAMEN 500 ML,SAZONADOR JAPONÉS
SE-SYE558-4091,EBARA BASE PARA SOPA DE MISO RAMEN 600 G,SAZONADOR JAPONÉS
SE-SYE558-5358,HOUSE MOMIJI OROSHI 40 G,SAZONADOR JAPONÉS
SE-SAL549-11112,MADAME WONG SRIRACHA 450 ML,OTRAS SALSAS
SE-BEB157-11201,KAGATOBI GOKKAN JUNMAI KARAKUCHI 1800 ML,SAKE PARA BEBER
SE-BEB156-5568,CHOYA SARARI LIGERO UMESHU 1.8 L,LICORES
SE-DBG305-10402,KAMEDA WAZA NO KODAWARI 40G,GALLETA SALADA
SE-DGB303-12194,GLICO POCKY CACAO 60 %  54.6 G,GALLETA CHOCOLATE
SE-SAL501-0218,JB KOREAN BARBECUE SAUCE 432 G,SALSA COREANA
SE-TE699-4703,UJINOTSUYU OTEGARU MUGICHA 52 PZAS 468 G,OTRO TÉ
CO-DGB309-2132,MINATO SEIKA DAIFUKU VERDE 90 G,POSTRES
SE-DGB308-12447,HONMA PASTEL RELLENO DE FRIJOL DULCE KOSHIAN 65 G,PAN DULCE
SE-TE653-12559,KUNITARO TÉ DE OOLON NEGRO 40 P 200 G,TÉ OOLONG
SE-SFP649-0035,ASSI ORIENTAL NOODLE 340G,OTRAS SOPAS Y FIDEOS
SE-BEB159-13959,CANTABILE LIMON 230 ML,SIN GAS
SE-DGB302-9999,KASUGAI QUEEN'S MILK CANDY 70G,DULCE
SE-SAL503-14422,OTAFUKU SALSA OKONOMI 500 G,SALSA JAPONESA
SE-SFP606-9838,SUNAOSHI SAPPORO MISO RAMEN 84G,SOPAS Y FIDEOS INSTA
SE-BEB151-13889,YOUUS  CERVEZA NAMSAN ALE 4.5% 500 ML,CERVEZA
SE-BEB151-13887,YOUUS CERVEZA KYEONGBOKGUNG IPA 4.5% 500 ML,CERVEZA
CO-CAR200-13339,CRAZY CUIZINE CUBITOS DE POLLO A LA NARANJA 624 G,AVÍCOLA
CO-CAR200-13340,CRAZY CUIZINE CUBITOS DE POLLO CON SALSA DE MIEL 624 G,AVÍCOLA
CO-TYE755-13332,DAY-LEE PRIDE GYOZA DE POLLO 595 G,TORTILLAS EMPANADAS
SE-BEB151-13038,ISEKADO PALE ALE 330 ML,CERVEZA
SE-BEB153-10008,HILLWAY BUBBLE TEA FRESA 225 G,CONCENTRADO EN POLVO
OT-UTE899-14102,ENDO COLADOR DE ACERO INOXIDABLE PARA FIDEOS (ATB-13),OTROS UTENSILIOS
OT-UTE899-11554,ENDO TABLA PARA CORTAR K1 20 MM AMN-F0,OTROS UTENSILIOS
SE-TE645-14100,TAKAOKAYA MATCHA MATSU 1KG,Artículos
SE-BEB157-13733,ICHINOKURA SUZUNE GALA ESPUMOSO 375 ML,SAKE PARA BEBER
SE-SYE555-8343,MAPLEWOOD SHAOXING VINO PARA COCINAR 3 L,SAZONADOR CHINO
SE-DGB304-12540,GLICO CAPLICO ORIGINAL  83 G,GALLETA DULCE
SE-DGB156-11966,LEAMAXX TAPIOCA EXPLOSIVA CON JARABE SABOR MANGO 3.2KG,LICORES
OT-UTE802-13865,ENDO CUCHILLO GYUTO 21CM <ALI-56>,CUCHILLO
SE-BEB157-11195,KAGATOBI YAMAHAI JUNMAI CHO KARAKUCHI 300 ML,SAKE PARA BEBER
OT-UTE810-12313,MATSUMI PLATO DE CERÁMICA M24-69 29 X 6,VAJILLA PORC Y CERAM
OT-UTE805-13450,SM SET DE PALILLOS CON PORTAPALILLOS  CH504-S,PALILLOS DE MADERA
OT-UTE899-10567,TANAKA PALILLOS DE ACERO INOXIDABLE 23.0 CM 032115,OTROS UTENSILIOS
SE-SAL549-9765,ZAFRAN SALSA BBQ 4.2 KG,OTRAS SALSAS
SE-SAL500-0883,LKK GOLD LABEL PLUM SAUCE 5L,SALSA CHINA
SE-FVL398-4412,SEKIMOTO UMEBOSHI ( SHISO IRI ) 1 KG,OTRA FRUTA
SE-SAL501-14416,OTAFUKU SALSA BBQ KOREANA 2.43 KG,SALSA COREANA
SE-SYE558-1463,SB. NERI KARASHI EN TUBO 43 G.,SAZONADOR JAPONÉS
VT-ANT102-0147,ANTICIPO DEL BIEN O SERVICIO,Artículos
SE-SYE560-6001,AROY-D AZUCAR DE PALMA 8PZAS 454 G,SAZONADOR TAILANDÉS
SE-ACE050-10084,KUKI ACEITE DE AJONJOLI 1650 ML,ACEITE AJONJOLÍ
SE-DGB304-2350,KOKKU GALLETA DE LA FORTUNA 7 PZS,GALLETA DULCE
SE-ARR101-0063,BOTAN ARROZ 9 KG,ARROZ CALROSE
SE-SFP606-14054,TAPATIO RAMEN CARNE ASADA CON LIMON BIG BOWL 110G,SOPAS Y FIDEOS INSTA
CO-PDM456-9528,SM ATUN ALETA AZUL CHU-TORO KG,PESCADOS
SE-DGB309-7557,KRACIE POPIN COOKIN DONAS 41 G,POSTRES
SE-DGB309-7559,KRACIE POPIN COOKIN RAMEN 32 G,POSTRES
SE-DGB309-7556,KRACIE POPIN COOKIN SUSHI 28.5 G,POSTRES
SE-DGB302-3569,MORINAGA HI CHEW REGULAR MIX 100 G,DULCE
SE-DGB303-13664,KITKAT DOBLE FRUTOS ROJOS & NUECES 9 P 101.7 G,GALLETA CHOCOLATE
SE-DGB301-13354,KITKAT OTONA NO AMASA 10 P 113 G,CHICLES
SE-SAL502-3712,YAMASA SALSA DE SOYA TAMARI SIN GLUTEN 1.89 L,SALSA DE SOYA
OT-UTE100-8651,FP PALILLOS DE PLASTICO ROKKAKU NEGRO 22.5 CM 50 PARES (M10-961),ARROZ BASMATI
SE-SFP603-1425,SANUKI SHISEI SANUKI ZARU UDON500G,FIDEO UDON
SE-DGB309-12237,ROYAL CACAO MOCHI MATCHA 80 G,POSTRES
SE-DGB309-12236,ROYAL CACAO MOCHI CHOCOLATE 80 G,POSTRES
SE-BEB158-12995,LOTTE CHUM CHURUM  SAERO LYCHEE 375 ML,SHOCHU
SE-ARR101-4518,KOMACHI ARROZ REEMPACADO 20 KG,ARROZ CALROSE
SE-SAL549-14096,MR. YOSHIDA'S SALSA ORIGINAL 23OZ,OTRAS SALSAS
SE-SFP606-12697,MARUCHAN ZUBAAAN SHOYU TONKOTSU 130 G,SOPAS Y FIDEOS INSTA
SE-SFP606-9596,ITSUKI TOKYO YUZU SHOYU RAMEN 172 G,SOPAS Y FIDEOS INSTA
SE-SFP606-9591,ITSUKI KYUSHU TONKOTSU FU RAMEN 174 G,SOPAS Y FIDEOS INSTA
SE-SFP606-9595,ITSUKI HOKKAIDO YUZU SHIO RAMEN 170 G,SOPAS Y FIDEOS INSTA
SE-SFP602-7612,ITSUKI KAMODASHI SOBA 228 G,FIDE JAPONÉS
SE-DGB303-12389,BOURBON MINI CHOCOLATE BLANCO LANGUE DE CHAT 40 G,GALLETA CHOCOLATE
SE-TE650-14091,JACK POT TE DE JAZMIN 22.68 KG,TÉ JAZMÍN
SE-SFP602-5429,TOGAKUSHI CHA SOBA 400 G,FIDE JAPONÉS
SE-TE654-14314,YAMASHIRO TÉ VERDE MATCHA NO. 50 1 KG,TÉ VERDE
SE-BEB152-11980,LEAMAXX / BOSSEN JARABE SABOR LICHI 2.5 KG,CONCENTRADO
SE-SAL503-12085,MOMOYA YASAI NI OISHII NINNIKU MISO 100 G,SALSA JAPONESA
SE-SAL500-0914,LKK TOBAN JAN BLACK  230 GRS.,SALSA CHINA
SE-SAL500-0863,LKK GROUND BEAN SAUCE 13OZ,SALSA CHINA
SE-SYE558-2086,YAMASA TSUYU KOMBU 500 ML.,SAZONADOR JAPONÉS
SE-SAL502-9540,YAMASA LIGHT COLOR SHOYU 1 L N,SALSA DE SOYA
SE-SFP606-13643,SAMYANG MEP FIDEO INSTANTANEO SABOR CARNE 120 G,SOPAS Y FIDEOS INSTA
SE-SFP606-13645,"SAMYANG MEP FIDEO INSTANTANEO SABOR PIMIENTO Y POLLO CON CILANTRO 120 G""",SOPAS Y FIDEOS INSTA
SE-SFP606-13952,SAMYANG TANGLE FIDEO INSTANTANEO CREAMY MUSHROOM 105G,SOPAS Y FIDEOS INSTA
SE-BEB155-13879,YOUUS JUGO DE UVA ROJA 330 ML,JUGO
SE-BEB155-13872,YOUUS JUGO DE MANZANA 330 ML,JUGO
SE-BEB155-13874,YOUUS JUGO DE TORONJA 330 ML,JUGO
SE-DGB309-13907,ORION BICHOBI CHOCOLATE 125G,POSTRES
SE-DGB300-13077,ORION TURTLE CHIPS SWEET CORN 80G,BOTANAS
SE-DGB302-13106,HSU FU CHI DULCE CRUJIENTE DE TRUFA 308 G,DULCE
SE-DGB302-13412,ZEN-NOH GOMITA DE SABOR SANDIA 40 G,DULCE
SE-DGB302-13958,AMOS PEELERZ PASCUA 65 G,DULCE
CO-FVL356-12992,UNIFOODS CEBOLLIN VERDE CORTADO EN RODAJAS 160 G,VERDURA CONGELADA
VT-ANT102-0148,APLICACION DE ANTICIPO,Artículos
